case_id,dip_j1,dipdir_j1,dip_j2,dipdir_j2,dip_slope,dipdir_slope,dip_upper,dipdir_upper,height_m,gamma_kN_m3,c1_kPa,phi1_deg,c2_kPa,phi2_deg,w_pct,water_condition,u_kPa,psi_i_deg,alpha_i_deg,delta_alpha_deg,wedge_volume_m3,weight_kN,area_j1_m2,area_j2_m2,N1_kN,N2_kN,driving_kN,resisting_kN,failure_mode,FoS,data_origin,usable_for_training,solver_verified_against,fos_band
WS0002,74.5,282.87,40.69,11.09,68.81,332.63,12.58,330.65,34.36,22.4,29.81,38.49,27.84,34.04,0.0,dry,0.0,39.987,0.079,27.452,7632.15,170963.58,645.95,1157.95,16441.11,126248.87,109864.63,149851.97,joints12,1.364,synthetic_blocktheory_solver,pretrain_only,SWedge_VM_2022_P7_and_Sec3.2_3.3,1.2-1.5
WS0003,51.03,154.86,58.3,267.32,53.98,215.57,1.11,206.18,28.43,23.657,20.29,30.85,26.19,29.02,12.58,wet,35.071,37.993,205.982,9.587,1511.57,35759.61,321.8,330.08,9700.62,5644.98,22012.61,24099.7,joints12,1.0948,synthetic_blocktheory_solver,pretrain_only,SWedge_VM_2022_P7_and_Sec3.2_3.3,1.0-1.2
WS0004,56.67,242.97,62.99,5.83,51.75,327.92,8.4,319.13,18.34,26.845,21.42,36.79,13.32,34.59,5.51,wet,9.919,38.824,300.914,27.011,157.07,4216.62,71.37,105.1,2003.49,1322.71,2643.52,5339.18,joints12,2.0197,synthetic_blocktheory_solver,pretrain_only,SWedge_VM_2022_P7_and_Sec3.2_3.3,>2.0
WS0005,64.55,35.53,74.1,143.59,66.13,103.0,2.94,95.89,12.25,24.699,22.63,36.21,41.85,27.15,5.36,wet,6.443,56.567,79.208,23.797,13.16,325.09,14.91,19.88,63.32,0.0,271.69,383.66,joint1,1.4121,synthetic_blocktheory_solver,pretrain_only,SWedge_VM_2022_P7_and_Sec3.2_3.3,1.2-1.5
WS0006,54.0,97.84,35.62,161.72,71.9,154.52,8.8,156.03,10.96,24.405,9.1,32.7,45.39,35.42,38.36,wet,41.245,35.827,156.652,2.131,2615.06,63821.28,114.98,1071.31,0.0,4199.66,37363.59,51612.09,joint2,1.3813,synthetic_blocktheory_solver,pretrain_only,SWedge_VM_2022_P7_and_Sec3.2_3.3,1.2-1.5
WS0007,44.26,317.45,55.65,38.05,73.31,345.72,16.09,352.7,32.08,26.289,14.44,34.13,41.08,35.69,0.0,dry,0.0,41.416,344.753,0.968,12736.67,334838.0,1595.41,903.14,189964.13,94752.97,221502.64,256949.32,joints12,1.16,synthetic_blocktheory_solver,pretrain_only,SWedge_VM_2022_P7_and_Sec3.2_3.3,1.0-1.2
WS0008,55.1,289.98,71.57,341.62,62.19,291.96,16.32,280.8,33.42,25.703,41.73,25.96,45.61,29.54,1.71,wet,5.596,54.913,279.753,12.206,6187.83,159048.19,4041.17,134.62,67388.68,0.0,130843.21,201428.88,joint1,1.5395,synthetic_blocktheory_solver,pretrain_only,SWedge_VM_2022_P7_and_Sec3.2_3.3,1.5-2.0
WS0009,63.57,107.87,44.59,177.58,52.37,143.54,17.93,131.74,24.49,25.704,49.41,31.98,19.44,36.5,0.0,dry,0.0,44.38,169.041,25.504,170.55,4384.0,92.92,117.64,389.09,2906.92,3066.23,9272.18,joints12,3.024,synthetic_blocktheory_solver,pretrain_only,SWedge_VM_2022_P7_and_Sec3.2_3.3,>2.0
WS0010,57.47,327.31,66.45,65.27,67.77,34.16,15.5,31.26,31.9,24.319,14.36,25.04,39.95,31.53,2.32,wet,7.265,50.366,7.632,26.53,1340.38,32597.29,243.94,384.96,14559.84,8478.15,25104.3,30885.13,joints12,1.2303,synthetic_blocktheory_solver,pretrain_only,SWedge_VM_2022_P7_and_Sec3.2_3.3,1.2-1.5
WS0011,64.51,175.7,63.82,310.0,57.89,221.53,11.89,223.62,29.38,25.794,18.02,28.0,28.99,35.09,25.42,wet,73.261,38.738,243.921,22.396,1323.08,34127.96,397.61,289.16,0.0,4914.02,22046.07,11836.22,joint2,0.5369,synthetic_blocktheory_solver,pretrain_only,SWedge_VM_2022_P7_and_Sec3.2_3.3,<0.8
WS0012,51.04,8.32,62.1,133.67,68.69,49.04,6.56,46.0,14.19,23.912,41.13,31.69,12.19,33.83,12.94,wet,18.017,34.352,65.078,16.043,689.53,16487.91,229.63,129.07,7176.36,6491.48,9303.68,19799.03,joints12,2.1281,synthetic_blocktheory_solver,pretrain_only,SWedge_VM_2022_P7_and_Sec3.2_3.3,>2.0
WS0013,41.19,106.05,43.41,177.63,69.45,119.59,12.51,110.51,35.82,22.676,16.42,33.49,8.8,27.94,2.64,wet,9.284,36.387,139.142,19.551,41403.05,938873.26,5529.89,1166.13,400128.75,358947.5,556975.88,556247.7,joints12,0.9987,synthetic_blocktheory_solver,pretrain_only,SWedge_VM_2022_P7_and_Sec3.2_3.3,0.8-1.0
WS0014,46.34,153.76,42.63,243.77,57.21,194.79,4.49,199.58,34.96,26.372,3.38,25.87,40.52,29.82,16.15,wet,55.372,34.452,202.667,7.881,10087.96,266041.61,1120.39,1045.73,51343.53,80236.81,150502.35,117042.26,joints12,0.7777,synthetic_blocktheory_solver,pretrain_only,SWedge_VM_2022_P7_and_Sec3.2_3.3,<0.8
WS0015,39.81,52.11,62.07,129.36,74.15,79.74,12.78,70.68,36.74,23.227,19.91,36.95,24.47,33.05,12.61,wet,45.436,38.958,65.294,14.45,26620.2,618294.72,3000.42,1152.32,303211.75,23645.02,388756.4,331368.99,joints12,0.8524,synthetic_blocktheory_solver,pretrain_only,SWedge_VM_2022_P7_and_Sec3.2_3.3,0.8-1.0
WS0016,67.62,112.92,46.98,206.6,48.81,171.2,6.9,184.66,30.66,26.05,31.17,35.23,46.52,32.64,0.0,dry,0.0,43.44,180.323,9.127,353.15,9199.44,115.07,216.97,2202.91,5835.69,6325.45,18972.83,joints12,2.9994,synthetic_blocktheory_solver,pretrain_only,SWedge_VM_2022_P7_and_Sec3.2_3.3,>2.0
WS0017,64.82,171.52,53.43,217.66,71.85,211.07,9.65,223.61,21.93,25.093,36.25,36.95,43.88,25.63,0.0,dry,0.0,53.987,220.382,9.307,3826.28,96011.3,172.96,1516.04,0.0,56374.72,77717.83,93573.62,joint2,1.204,synthetic_blocktheory_solver,pretrain_only,SWedge_VM_2022_P7_and_Sec3.2_3.3,1.2-1.5
WS0018,64.37,196.47,54.58,278.32,59.06,253.85,7.06,240.74,24.51,26.677,47.18,29.76,1.62,30.2,3.29,wet,7.903,51.287,250.413,3.436,306.26,8170.19,84.75,187.21,1417.67,2508.57,6375.07,6571.46,joints12,1.0308,synthetic_blocktheory_solver,pretrain_only,SWedge_VM_2022_P7_and_Sec3.2_3.3,1.0-1.2
WS0019,55.12,100.17,46.12,188.33,57.61,160.54,12.79,173.99,18.6,24.706,22.27,35.36,23.77,34.93,10.57,wet,19.295,40.473,154.163,6.379,924.5,22840.37,146.01,345.16,4795.07,6069.12,14825.35,19096.04,joints12,1.2881,synthetic_blocktheory_solver,pretrain_only,SWedge_VM_2022_P7_and_Sec3.2_3.3,1.2-1.5
WS0020,61.96,322.42,66.56,63.1,61.57,354.93,0.4,348.27,20.91,25.457,30.25,34.23,42.54,27.89,11.02,wet,22.601,52.652,7.323,12.394,131.85,3356.65,96.87,53.81,0.0,25.26,2744.88,2302.41,joint2,0.8388,synthetic_blocktheory_solver,pretrain_only,SWedge_VM_2022_P7_and_Sec3.2_3.3,0.8-1.0
WS0021,60.92,181.79,45.74,253.45,54.99,221.58,15.67,227.07,12.02,25.889,11.39,37.73,38.14,28.46,11.69,wet,13.784,44.807,237.778,16.194,66.05,1709.88,37.49,59.32,0.0,98.92,1223.84,2316.47,joint2,1.8928,synthetic_blocktheory_solver,pretrain_only,SWedge_VM_2022_P7_and_Sec3.2_3.3,1.5-2.0
WS0022,39.11,57.65,66.84,163.88,65.3,95.41,17.97,90.79,32.16,23.268,19.13,28.13,49.99,34.33,24.42,wet,77.036,34.228,90.62,4.788,16009.3,372500.21,2305.87,979.01,96877.7,30627.48,209524.4,165759.35,joints12,0.7911,synthetic_blocktheory_solver,pretrain_only,SWedge_VM_2022_P7_and_Sec3.2_3.3,<0.8
WS0023,41.73,47.8,41.92,135.51,69.87,92.02,17.39,95.53,22.31,25.904,48.81,26.85,45.88,31.97,0.0,dry,0.0,32.359,91.49,0.531,9633.65,249547.88,1096.79,1159.54,120265.05,118353.21,133562.8,241485.61,joints12,1.808,synthetic_blocktheory_solver,pretrain_only,SWedge_VM_2022_P7_and_Sec3.2_3.3,1.5-2.0
WS0024,69.33,351.86,58.08,122.3,58.67,44.68,5.2,48.55,23.15,22.813,35.4,33.46,46.54,39.84,5.85,wet,13.279,40.185,63.28,18.595,558.3,12736.56,192.55,173.48,4862.89,6779.28,8218.35,23758.37,joints12,2.8909,synthetic_blocktheory_solver,pretrain_only,SWedge_VM_2022_P7_and_Sec3.2_3.3,>2.0
WS0025,50.49,352.24,56.2,81.0,63.03,42.08,18.78,28.72,15.27,26.924,38.04,30.39,40.95,39.79,2.79,wet,4.174,43.523,31.461,10.623,447.63,12051.86,143.5,144.26,5375.51,3957.65,8299.43,17814.5,joints12,2.1465,synthetic_blocktheory_solver,pretrain_only,SWedge_VM_2022_P7_and_Sec3.2_3.3,>2.0
WS0026,56.69,146.97,57.57,266.43,61.84,211.77,12.04,212.77,27.52,25.633,20.33,31.3,13.74,36.07,11.19,wet,30.213,38.144,206.312,5.456,2643.34,67756.91,440.04,487.44,25723.84,23788.15,41849.01,48612.57,joints12,1.1616,synthetic_blocktheory_solver,pretrain_only,SWedge_VM_2022_P7_and_Sec3.2_3.3,1.0-1.2
WS0027,35.79,198.84,46.78,271.02,56.08,222.88,14.92,215.67,33.05,23.932,26.04,26.23,33.73,27.75,0.0,dry,0.0,34.495,221.186,1.695,16962.77,405946.64,2658.62,1031.12,257324.24,100625.83,229903.73,283728.01,joints12,1.2341,synthetic_blocktheory_solver,pretrain_only,SWedge_VM_2022_P7_and_Sec3.2_3.3,1.2-1.5
WS0028,55.01,148.35,70.64,277.55,65.2,217.59,13.41,211.47,12.09,22.018,23.99,28.07,5.99,26.67,25.37,wet,30.09,39.126,204.523,13.071,196.49,4326.34,89.32,82.88,486.17,0.0,2732.02,2402.03,joint1,0.8792,synthetic_blocktheory_solver,pretrain_only,SWedge_VM_2022_P7_and_Sec3.2_3.3,0.8-1.0
WS0029,55.17,353.52,56.26,35.23,72.74,351.89,17.44,356.09,17.08,23.037,24.84,25.28,5.01,34.35,0.0,dry,0.0,53.466,10.113,18.219,20788.12,478888.85,11537.25,116.72,276610.63,0.0,390923.37,417271.55,joint1,1.0674,synthetic_blocktheory_solver,pretrain_only,SWedge_VM_2022_P7_and_Sec3.2_3.3,1.0-1.2
WS0030,63.1,62.33,50.01,149.88,70.85,107.34,15.54,97.55,28.98,26.743,29.46,33.02,44.57,34.07,0.0,dry,0.0,46.259,120.625,13.286,3404.64,91051.42,475.75,544.71,24816.13,50464.19,65782.23,88545.45,joints12,1.346,synthetic_blocktheory_solver,pretrain_only,SWedge_VM_2022_P7_and_Sec3.2_3.3,1.2-1.5
WS0031,55.44,139.14,42.07,228.58,60.6,179.68,8.16,181.87,20.18,22.615,43.1,27.83,33.29,28.56,0.94,wet,1.857,37.115,197.874,18.189,1510.68,34164.27,299.45,314.61,9950.63,20465.51,20615.17,39774.06,joints12,1.9294,synthetic_blocktheory_solver,pretrain_only,SWedge_VM_2022_P7_and_Sec3.2_3.3,1.5-2.0
WS0032,68.83,290.48,51.21,19.23,63.68,357.7,2.95,357.69,19.02,25.808,8.0,37.7,4.23,27.91,4.22,wet,7.871,48.485,353.918,3.783,489.8,12640.7,81.59,239.34,2298.07,5338.84,9465.21,6268.99,joints12,0.6623,synthetic_blocktheory_solver,pretrain_only,SWedge_VM_2022_P7_and_Sec3.2_3.3,<0.8
WS0033,45.32,48.49,54.9,118.02,56.3,82.0,0.81,75.38,32.48,25.445,26.17,35.47,6.5,30.57,7.7,wet,24.525,43.412,68.8,13.204,2251.53,57290.61,492.65,410.04,20188.42,3128.68,39372.67,31786.39,joints12,0.8073,synthetic_blocktheory_solver,pretrain_only,SWedge_VM_2022_P7_and_Sec3.2_3.3,0.8-1.0
WS0034,47.65,25.42,65.65,75.19,69.9,37.61,8.32,37.31,25.74,26.642,27.72,38.96,23.32,39.29,0.0,dry,0.0,47.353,14.788,22.82,4619.86,123080.18,1176.53,320.15,82540.56,0.0,91300.53,99362.46,joint1,1.0883,synthetic_blocktheory_solver,pretrain_only,SWedge_VM_2022_P7_and_Sec3.2_3.3,1.0-1.2
WS0035,40.95,161.28,43.46,227.56,59.08,185.55,13.71,198.83,21.05,23.066,31.93,25.16,47.78,26.81,15.98,wet,32.99,37.122,190.762,5.21,3202.39,73866.85,660.0,466.58,13187.5,12945.7,44580.08,56103.81,joints12,1.2585,synthetic_blocktheory_solver,pretrain_only,SWedge_VM_2022_P7_and_Sec3.2_3.3,1.2-1.5
WS0036,67.0,299.94,72.54,84.27,71.12,22.61,11.51,36.57,22.06,24.255,17.0,28.04,1.62,38.62,8.49,wet,18.375,40.08,9.301,13.312,965.51,23418.27,255.98,286.29,15796.21,13842.54,15078.06,24285.16,joints12,1.6106,synthetic_blocktheory_solver,pretrain_only,SWedge_VM_2022_P7_and_Sec3.2_3.3,1.5-2.0
WS0037,65.56,37.22,69.71,185.66,60.94,97.32,15.97,95.07,20.19,23.176,25.1,29.31,5.39,27.01,4.17,wet,8.253,33.343,110.385,13.066,1018.01,23593.65,344.03,286.23,18827.16,18424.9,12968.11,30137.1,joints12,2.3239,synthetic_blocktheory_solver,pretrain_only,SWedge_VM_2022_P7_and_Sec3.2_3.3,>2.0
WS0038,70.79,15.83,50.28,109.04,64.81,60.58,12.69,54.77,9.44,26.319,33.75,39.95,28.66,30.69,18.98,wet,17.576,47.741,83.419,22.835,38.35,1009.42,26.73,30.32,0.0,32.54,783.31,888.15,joint2,1.1338,synthetic_blocktheory_solver,pretrain_only,SWedge_VM_2022_P7_and_Sec3.2_3.3,1.0-1.2
WS0039,55.42,306.21,56.23,1.85,74.67,319.42,5.67,320.29,38.19,22.988,18.38,35.6,19.69,31.53,0.0,dry,0.0,52.255,332.672,13.257,11652.68,267876.23,1922.08,650.35,92946.67,84651.92,211820.16,166615.45,joints12,0.7866,synthetic_blocktheory_solver,pretrain_only,SWedge_VM_2022_P7_and_Sec3.2_3.3,<0.8
WS0040,35.91,243.21,67.08,343.89,58.61,286.12,4.25,273.03,38.57,26.082,20.02,27.88,1.18,35.01,0.0,dry,0.0,32.866,269.438,16.684,13748.09,358579.07,1797.63,901.94,273383.13,80448.28,194590.22,238039.8,joints12,1.2233,synthetic_blocktheory_solver,pretrain_only,SWedge_VM_2022_P7_and_Sec3.2_3.3,1.2-1.5
WS0042,43.6,100.57,53.79,175.86,72.95,135.93,17.88,137.83,11.84,23.466,46.82,31.98,38.87,25.24,12.61,wet,14.638,40.43,125.003,10.925,711.46,16695.15,207.93,161.85,6664.59,2014.22,10827.04,21137.75,joints12,1.9523,synthetic_blocktheory_solver,pretrain_only,SWedge_VM_2022_P7_and_Sec3.2_3.3,1.5-2.0
WS0043,55.81,345.65,44.66,38.89,70.45,28.93,2.53,42.89,37.27,24.343,24.46,33.38,41.23,36.93,0.0,dry,0.0,44.535,32.703,3.768,26312.18,640518.26,818.88,3945.17,53564.69,415351.31,449224.67,530203.37,joints12,1.1803,synthetic_blocktheory_solver,pretrain_only,SWedge_VM_2022_P7_and_Sec3.2_3.3,1.0-1.2
WS0044,66.83,317.8,54.25,83.11,65.77,36.34,9.77,42.85,17.83,26.254,8.2,25.66,5.68,31.41,16.18,wet,28.304,38.461,28.378,7.965,778.46,20437.3,161.07,248.15,6385.7,7214.82,12711.58,10203.24,joints12,0.8027,synthetic_blocktheory_solver,pretrain_only,SWedge_VM_2022_P7_and_Sec3.2_3.3,0.8-1.0
WS0045,51.26,153.6,59.76,223.97,65.91,175.28,1.37,187.5,21.92,23.319,24.73,39.2,46.59,33.53,11.89,wet,25.572,49.145,177.261,1.985,1121.69,26156.42,357.78,163.86,3563.31,2284.35,19783.77,20901.28,joints12,1.0565,synthetic_blocktheory_solver,pretrain_only,SWedge_VM_2022_P7_and_Sec3.2_3.3,1.0-1.2
WS0046,48.85,156.37,45.2,249.12,69.77,215.21,1.71,226.16,8.93,22.268,1.99,39.06,27.95,25.59,0.94,wet,0.821,36.378,207.345,7.866,244.98,5455.18,62.25,101.82,2265.62,2765.86,3235.54,6132.19,joints12,1.8953,synthetic_blocktheory_solver,pretrain_only,SWedge_VM_2022_P7_and_Sec3.2_3.3,1.5-2.0
WS0047,35.96,95.73,69.6,187.84,56.25,132.06,5.58,123.3,20.96,23.02,43.18,25.28,30.78,29.58,8.8,wet,18.083,34.225,112.428,19.636,1784.31,41074.78,508.41,221.44,22718.77,1930.32,23102.13,40592.91,joints12,1.7571,synthetic_blocktheory_solver,pretrain_only,SWedge_VM_2022_P7_and_Sec3.2_3.3,1.5-2.0
WS0048,36.23,333.51,50.36,15.32,71.73,341.37,1.3,355.27,14.52,22.843,15.35,38.52,33.42,26.78,4.58,wet,6.525,35.641,322.477,18.897,3929.57,89763.72,1160.24,242.59,63629.42,0.0,53001.64,68464.49,joint1,1.2917,synthetic_blocktheory_solver,pretrain_only,SWedge_VM_2022_P7_and_Sec3.2_3.3,1.2-1.5
WS0049,64.28,272.01,62.14,4.49,71.76,336.12,4.96,322.67,39.19,26.562,12.57,30.99,0.09,31.63,0.0,dry,0.0,53.678,319.302,16.82,3485.15,92571.92,373.72,716.62,34723.9,37072.42,74585.68,48452.49,joints12,0.6496,synthetic_blocktheory_solver,pretrain_only,SWedge_VM_2022_P7_and_Sec3.2_3.3,<0.8
WS0050,43.23,97.12,54.38,188.71,73.47,141.36,17.92,140.33,38.58,23.112,44.67,34.43,15.81,35.4,24.49,wet,92.707,37.923,132.31,9.047,27312.61,631251.23,2318.88,1868.88,151852.36,44592.18,387964.53,268925.55,joints12,0.6932,synthetic_blocktheory_solver,pretrain_only,SWedge_VM_2022_P7_and_Sec3.2_3.3,<0.8
WS0051,60.19,142.99,50.77,230.28,67.22,193.6,9.37,178.96,14.3,24.725,48.72,29.55,22.86,31.96,17.14,wet,24.045,45.395,197.182,3.577,365.27,9031.55,96.98,133.48,525.42,1551.05,6430.11,9042.69,joints12,1.4063,synthetic_blocktheory_solver,pretrain_only,SWedge_VM_2022_P7_and_Sec3.2_3.3,1.2-1.5
WS0052,56.73,128.45,58.82,228.87,56.89,203.51,4.59,214.83,25.25,22.783,41.91,31.96,40.72,31.98,5.38,wet,13.316,45.004,176.414,27.092,384.81,8767.13,98.02,215.6,2960.4,1010.56,6199.74,15365.83,joints12,2.4785,synthetic_blocktheory_solver,pretrain_only,SWedge_VM_2022_P7_and_Sec3.2_3.3,>2.0
WS0053,45.82,357.76,44.42,72.03,60.96,13.23,1.05,12.44,25.14,22.415,3.14,32.67,20.88,25.9,0.0,dry,0.0,39.034,36.123,22.89,3748.21,84016.4,930.64,314.56,33888.98,38328.57,52912.43,49833.37,joints12,0.9418,synthetic_blocktheory_solver,pretrain_only,SWedge_VM_2022_P7_and_Sec3.2_3.3,0.8-1.0
WS0054,41.55,26.17,71.45,143.87,62.46,95.81,10.43,100.2,26.07,23.007,40.73,33.78,11.26,26.79,7.08,wet,18.117,34.457,66.436,29.37,2417.37,55616.79,463.9,419.75,34155.39,12231.69,31467.02,52642.51,joints12,1.6729,synthetic_blocktheory_solver,pretrain_only,SWedge_VM_2022_P7_and_Sec3.2_3.3,1.5-2.0
WS0055,39.38,159.31,30.89,204.35,50.83,206.25,14.45,216.05,21.34,22.603,25.33,25.52,5.11,28.73,8.66,wet,18.137,30.738,203.341,2.906,17493.84,395412.97,549.9,6093.19,0.0,238255.55,202208.39,161721.03,joint2,0.7998,synthetic_blocktheory_solver,pretrain_only,SWedge_VM_2022_P7_and_Sec3.2_3.3,<0.8
WS0056,45.97,183.9,45.85,296.44,45.46,217.3,1.89,228.84,15.02,22.642,35.02,28.42,45.62,30.78,7.25,wet,10.68,29.919,240.335,23.032,394.68,8936.22,185.79,103.16,2828.8,3700.64,4457.1,14948.42,joints12,3.3538,synthetic_blocktheory_solver,pretrain_only,SWedge_VM_2022_P7_and_Sec3.2_3.3,>2.0
WS0057,43.44,166.7,74.65,253.58,69.72,187.16,7.07,174.53,20.83,22.045,16.02,33.68,17.9,25.57,0.0,dry,0.0,42.828,179.199,7.961,2672.68,58919.25,736.16,188.44,41278.65,6682.79,40053.12,45875.51,joints12,1.1454,synthetic_blocktheory_solver,pretrain_only,SWedge_VM_2022_P7_and_Sec3.2_3.3,1.0-1.2
WS0058,37.83,129.48,73.74,217.31,57.55,151.79,11.94,160.75,39.31,23.502,46.25,27.94,30.14,29.16,9.26,wet,35.718,37.263,140.861,10.932,13425.86,315539.45,2351.84,671.23,157710.0,7555.77,191051.83,216857.89,joints12,1.1351,synthetic_blocktheory_solver,pretrain_only,SWedge_VM_2022_P7_and_Sec3.2_3.3,1.0-1.2
WS0059,72.71,241.88,40.09,353.98,48.18,301.48,14.02,294.24,39.89,24.031,8.85,32.33,39.14,25.05,0.0,dry,0.0,34.711,319.048,17.568,3736.14,89783.86,533.87,850.85,26693.0,68784.18,51126.69,87068.14,joints12,1.703,synthetic_blocktheory_solver,pretrain_only,SWedge_VM_2022_P7_and_Sec3.2_3.3,1.5-2.0
WS0060,34.04,332.82,57.61,44.99,50.05,5.45,6.09,18.83,19.79,25.082,48.99,31.72,17.66,28.18,20.3,wet,39.412,33.941,339.842,25.611,911.15,22853.66,323.78,192.73,1681.9,0.0,13623.29,16900.2,joint1,1.2405,synthetic_blocktheory_solver,pretrain_only,SWedge_VM_2022_P7_and_Sec3.2_3.3,1.2-1.5
WS0061,45.67,144.61,57.08,229.34,72.15,203.03,13.62,210.63,10.75,22.448,45.39,36.2,6.03,38.47,16.78,wet,17.692,41.264,174.637,28.396,288.42,6474.58,73.81,125.19,2294.88,0.0,4277.38,5030.6,joint1,1.1761,synthetic_blocktheory_solver,pretrain_only,SWedge_VM_2022_P7_and_Sec3.2_3.3,1.0-1.2
WS0062,46.43,79.77,48.29,166.5,66.04,125.12,9.86,110.37,35.88,24.911,27.91,29.7,45.85,33.08,0.82,wet,2.889,38.282,120.997,4.123,12963.26,322930.56,1237.71,1227.15,149261.72,137977.22,200067.35,265800.89,joints12,1.3286,synthetic_blocktheory_solver,pretrain_only,SWedge_VM_2022_P7_and_Sec3.2_3.3,1.2-1.5
WS0063,48.36,57.64,45.48,136.88,68.96,120.52,9.23,129.57,23.8,26.588,9.23,30.83,13.03,34.12,0.0,dry,0.0,39.474,100.737,19.78,6320.14,168037.18,356.4,1381.69,64751.92,81103.47,106827.04,114906.23,joints12,1.0756,synthetic_blocktheory_solver,pretrain_only,SWedge_VM_2022_P7_and_Sec3.2_3.3,1.0-1.2
WS0064,75.3,256.05,39.89,351.44,56.33,325.67,18.69,319.62,30.44,23.582,27.51,29.61,20.53,29.71,0.55,wet,1.635,38.672,334.268,8.597,4652.06,109704.31,384.95,1172.71,15666.77,79746.2,68550.36,89072.63,joints12,1.2994,synthetic_blocktheory_solver,pretrain_only,SWedge_VM_2022_P7_and_Sec3.2_3.3,1.2-1.5
WS0065,45.26,323.15,52.57,56.16,71.51,353.54,12.62,358.9,35.64,26.117,29.18,31.94,16.39,30.05,10.54,wet,36.87,37.081,2.508,8.972,19971.72,521593.85,2162.03,1167.2,211844.47,162221.33,314491.59,308107.22,joints12,0.9797,synthetic_blocktheory_solver,pretrain_only,SWedge_VM_2022_P7_and_Sec3.2_3.3,0.8-1.0
WS0066,67.02,196.81,68.12,343.36,52.6,252.19,2.58,249.12,18.12,26.535,32.87,28.77,19.21,29.05,16.4,wet,29.16,34.926,269.79,17.604,247.3,6562.2,134.17,109.14,1905.08,2558.59,3757.01,8974.27,joints12,2.3887,synthetic_blocktheory_solver,pretrain_only,SWedge_VM_2022_P7_and_Sec3.2_3.3,>2.0
WS0067,69.19,8.5,54.96,87.56,65.49,60.63,11.44,61.63,36.53,24.93,15.86,25.04,48.82,38.87,4.67,wet,16.73,53.867,68.011,7.386,1689.72,42124.16,257.69,506.6,3003.55,12786.53,34021.77,40526.04,joints12,1.1912,synthetic_blocktheory_solver,pretrain_only,SWedge_VM_2022_P7_and_Sec3.2_3.3,1.0-1.2
WS0068,41.96,30.93,43.3,114.08,71.03,72.53,3.32,67.25,32.35,22.67,18.76,25.67,42.49,32.54,11.84,wet,37.584,34.361,70.147,2.381,17047.24,386466.07,1423.16,1372.92,135347.84,116621.01,218124.2,224497.62,joints12,1.0292,synthetic_blocktheory_solver,pretrain_only,SWedge_VM_2022_P7_and_Sec3.2_3.3,1.0-1.2
WS0069,45.31,273.1,71.27,41.29,57.3,346.8,15.8,343.23,23.38,26.119,28.48,29.58,37.14,29.32,16.93,wet,38.828,32.647,323.18,23.616,1846.3,48223.24,441.11,385.81,21118.24,7590.06,26014.37,43144.0,joints12,1.6585,synthetic_blocktheory_solver,pretrain_only,SWedge_VM_2022_P7_and_Sec3.2_3.3,1.5-2.0
WS0070,41.36,194.41,68.06,296.84,63.46,236.73,19.88,243.8,15.33,24.075,30.18,36.53,47.18,33.33,8.2,wet,12.325,37.112,224.625,12.101,914.83,22024.54,298.42,177.32,11988.43,3720.52,13289.1,28698.8,joints12,2.1596,synthetic_blocktheory_solver,pretrain_only,SWedge_VM_2022_P7_and_Sec3.2_3.3,>2.0
WS0072,61.51,97.04,60.56,243.03,74.45,179.43,18.34,174.15,35.78,24.816,6.33,28.49,27.48,26.78,4.26,wet,14.966,28.05,170.895,8.535,28852.45,716014.34,2812.59,3043.35,525291.12,532794.3,336694.51,655402.22,joints12,1.9466,synthetic_blocktheory_solver,pretrain_only,SWedge_VM_2022_P7_and_Sec3.2_3.3,1.5-2.0
WS0073,63.61,316.96,49.96,31.02,58.85,355.93,12.38,343.29,22.2,23.826,0.89,38.06,26.68,38.29,0.0,dry,0.0,48.745,12.707,16.781,253.28,6034.6,103.58,127.89,1098.12,3345.93,4536.71,7005.04,joints12,1.5441,synthetic_blocktheory_solver,pretrain_only,SWedge_VM_2022_P7_and_Sec3.2_3.3,1.5-2.0
WS0074,71.23,224.6,49.33,316.04,74.44,278.42,12.3,263.61,28.63,24.994,28.4,32.16,17.94,27.02,0.0,dry,0.0,46.931,293.844,15.426,3469.42,86713.99,396.53,601.83,17214.74,53153.77,63347.46,59992.34,joints12,0.947,synthetic_blocktheory_solver,pretrain_only,SWedge_VM_2022_P7_and_Sec3.2_3.3,0.8-1.0
WS0075,69.25,352.12,50.52,123.26,45.4,70.68,2.12,69.93,37.09,22.542,35.39,27.41,32.04,37.49,12.73,wet,46.327,34.893,67.592,3.09,1728.95,38974.76,342.5,515.54,5053.5,5996.05,22295.53,35857.82,joints12,1.6083,synthetic_blocktheory_solver,pretrain_only,SWedge_VM_2022_P7_and_Sec3.2_3.3,1.5-2.0
WS0076,51.52,98.42,66.48,217.28,63.99,140.04,18.58,153.79,14.22,24.812,43.82,26.07,29.05,38.89,6.05,wet,8.436,39.129,148.364,8.327,479.48,11896.91,191.93,121.18,6341.55,4499.93,7507.71,18662.73,joints12,2.4858,synthetic_blocktheory_solver,pretrain_only,SWedge_VM_2022_P7_and_Sec3.2_3.3,>2.0
WS0077,70.93,99.5,41.84,162.8,73.52,141.89,17.55,142.08,22.03,26.619,17.33,39.34,18.2,35.2,8.83,wet,19.08,41.305,171.883,29.988,4269.91,113661.26,350.22,954.53,0.0,63058.87,76517.75,61852.27,joint2,0.8083,synthetic_blocktheory_solver,pretrain_only,SWedge_VM_2022_P7_and_Sec3.2_3.3,0.8-1.0
WS0078,41.04,162.46,68.13,221.01,65.7,172.22,18.13,183.91,25.32,24.381,27.62,27.48,20.81,28.94,6.48,wet,16.087,40.522,151.256,20.965,7332.55,178774.75,1791.46,377.89,102293.73,0.0,118300.31,102676.47,joint1,0.8679,synthetic_blocktheory_solver,pretrain_only,SWedge_VM_2022_P7_and_Sec3.2_3.3,0.8-1.0
WS0079,47.07,152.08,52.38,265.26,50.81,215.47,3.36,229.17,14.63,25.184,49.26,30.97,7.65,25.36,0.66,wet,0.942,33.075,205.631,9.843,350.47,8826.28,116.45,127.86,5051.46,4336.78,4816.79,11801.37,joints12,2.45,synthetic_blocktheory_solver,pretrain_only,SWedge_VM_2022_P7_and_Sec3.2_3.3,>2.0
WS0080,56.66,309.71,51.96,64.94,61.5,3.25,12.99,10.61,38.52,26.117,36.53,36.49,17.05,30.23,21.52,wet,81.306,36.77,10.585,7.331,9435.46,246423.77,1070.63,1078.29,39689.9,57450.05,147510.04,120330.98,joints12,0.8157,synthetic_blocktheory_solver,pretrain_only,SWedge_VM_2022_P7_and_Sec3.2_3.3,0.8-1.0
WS0081,40.43,89.16,42.01,161.85,67.06,106.32,0.55,97.17,24.73,23.725,5.88,35.38,2.7,28.42,3.24,wet,7.853,35.408,122.599,16.28,8818.56,209219.04,1575.96,502.1,90496.9,78225.91,121221.24,117230.86,joints12,0.9671,synthetic_blocktheory_solver,pretrain_only,SWedge_VM_2022_P7_and_Sec3.2_3.3,0.8-1.0
WS0082,48.81,350.73,41.55,82.25,58.01,34.64,13.26,35.03,33.42,26.356,42.47,25.57,9.3,35.0,7.69,wet,25.202,34.602,43.185,8.544,10313.89,271830.84,1121.18,1191.08,79028.2,121858.31,154365.55,181833.88,joints12,1.1779,synthetic_blocktheory_solver,pretrain_only,SWedge_VM_2022_P7_and_Sec3.2_3.3,1.0-1.2
WS0083,50.32,103.18,59.32,207.13,74.84,161.31,18.46,153.47,16.13,22.527,41.82,25.04,19.54,36.43,24.4,wet,38.601,41.47,147.979,13.333,1152.74,25967.42,252.37,246.88,4937.84,1056.69,17196.3,18465.46,joints12,1.0738,synthetic_blocktheory_solver,pretrain_only,SWedge_VM_2022_P7_and_Sec3.2_3.3,1.0-1.2
WS0084,51.85,117.4,38.35,167.37,59.77,158.73,18.72,161.52,26.05,26.939,38.06,35.55,5.21,31.85,0.0,dry,0.0,38.002,169.924,11.192,15615.25,420653.98,635.41,3661.81,0.0,331399.22,259083.63,224980.89,joint2,0.8684,synthetic_blocktheory_solver,pretrain_only,SWedge_VM_2022_P7_and_Sec3.2_3.3,0.8-1.0
WS0085,57.38,67.52,46.97,176.7,58.85,105.19,9.39,116.42,13.58,25.307,23.32,31.44,31.19,29.72,11.96,wet,15.937,36.133,129.804,24.611,331.53,8389.88,131.04,102.5,1567.78,3524.84,4947.22,9223.79,joints12,1.8644,synthetic_blocktheory_solver,pretrain_only,SWedge_VM_2022_P7_and_Sec3.2_3.3,1.5-2.0
WS0086,53.11,224.19,72.69,3.63,67.31,297.02,11.91,305.05,12.31,25.214,32.02,27.63,16.22,28.99,0.0,dry,0.0,32.286,285.375,11.64,384.03,9683.09,147.47,130.95,8371.01,6235.2,5172.21,14684.42,joints12,2.8391,synthetic_blocktheory_solver,pretrain_only,SWedge_VM_2022_P7_and_Sec3.2_3.3,>2.0
WS0087,56.08,243.65,63.68,4.94,58.97,292.68,15.42,290.74,17.14,24.254,26.17,35.27,36.04,32.92,19.93,wet,33.519,40.689,299.855,7.178,381.21,9245.98,159.83,115.82,372.04,971.61,6028.0,9249.5,joints12,1.5344,synthetic_blocktheory_solver,pretrain_only,SWedge_VM_2022_P7_and_Sec3.2_3.3,1.5-2.0
WS0089,47.36,3.94,58.63,109.32,63.48,38.43,12.05,44.64,27.99,24.156,18.97,37.57,9.4,30.47,13.24,wet,36.367,38.006,48.195,9.769,4658.11,112522.65,856.94,463.28,36526.7,29926.68,69285.04,66315.13,joints12,0.9571,synthetic_blocktheory_solver,pretrain_only,SWedge_VM_2022_P7_and_Sec3.2_3.3,0.8-1.0
WS0091,57.9,190.98,57.72,313.15,55.45,275.98,10.92,281.75,28.65,26.495,6.53,26.66,9.94,27.83,0.0,dry,0.0,37.204,252.471,23.513,1632.11,43242.74,278.78,466.88,25565.96,25970.0,26146.85,33004.6,joints12,1.2623,synthetic_blocktheory_solver,pretrain_only,SWedge_VM_2022_P7_and_Sec3.2_3.3,1.2-1.5
WS0092,41.69,151.97,71.87,269.61,74.26,193.74,19.41,179.62,10.88,26.035,1.06,39.22,40.88,26.47,37.06,wet,39.55,33.985,191.936,1.807,893.86,23271.29,346.88,139.24,4232.53,2645.57,13008.26,10830.78,joints12,0.8326,synthetic_blocktheory_solver,pretrain_only,SWedge_VM_2022_P7_and_Sec3.2_3.3,0.8-1.0
WS0093,62.28,131.5,72.62,281.6,66.79,197.94,14.43,207.26,24.5,23.201,28.99,30.4,45.21,30.25,7.5,wet,18.018,32.055,202.66,4.716,2819.29,65411.2,644.23,566.45,52534.51,47052.11,34716.08,102549.45,joints12,2.9539,synthetic_blocktheory_solver,pretrain_only,SWedge_VM_2022_P7_and_Sec3.2_3.3,>2.0
WS0095,61.93,29.09,67.12,152.2,60.73,107.65,17.04,95.5,25.26,22.966,35.47,28.01,22.74,36.01,13.67,wet,33.879,44.836,86.764,20.89,579.69,13313.44,173.9,223.47,2443.01,0.0,9388.52,7468.08,joint1,0.7954,synthetic_blocktheory_solver,pretrain_only,SWedge_VM_2022_P7_and_Sec3.2_3.3,<0.8
WS0096,71.53,121.39,65.05,238.08,72.51,167.08,2.52,178.09,33.98,25.155,28.3,34.62,26.5,26.2,11.38,wet,37.941,52.22,185.98,18.896,1570.05,39494.71,367.32,289.94,3862.5,10227.84,31215.22,25777.68,joints12,0.8258,synthetic_blocktheory_solver,pretrain_only,SWedge_VM_2022_P7_and_Sec3.2_3.3,0.8-1.0
WS0097,60.65,133.41,63.2,257.11,68.54,211.47,14.04,199.85,9.79,24.285,24.44,26.66,8.78,28.46,5.82,wet,5.588,42.001,193.959,17.516,105.54,2563.14,47.86,61.72,1275.53,1131.17,1715.11,2965.53,joints12,1.7291,synthetic_blocktheory_solver,pretrain_only,SWedge_VM_2022_P7_and_Sec3.2_3.3,1.5-2.0
WS0098,39.95,183.49,51.13,227.2,70.45,191.47,7.42,181.23,27.26,22.111,13.21,29.66,12.23,25.19,0.0,dry,0.0,39.52,180.494,10.974,28482.28,629759.8,5131.27,753.7,485420.59,0.0,401203.52,344244.25,joint1,0.858,synthetic_blocktheory_solver,pretrain_only,SWedge_VM_2022_P7_and_Sec3.2_3.3,0.8-1.0
WS0099,48.01,143.2,43.48,190.69,49.34,174.7,15.35,178.23,39.54,26.318,19.27,31.86,4.53,26.28,0.0,dry,0.0,42.823,177.814,3.118,2652.87,69817.55,468.47,969.33,14248.63,38725.3,47457.9,41396.34,joints12,0.8723,synthetic_blocktheory_solver,pretrain_only,SWedge_VM_2022_P7_and_Sec3.2_3.3,0.8-1.0
WS0100,41.22,92.27,39.5,172.01,69.05,155.45,10.97,153.92,23.72,26.624,27.38,37.62,1.37,25.21,13.77,wet,32.042,32.873,134.647,20.806,12163.69,323843.31,658.34,2050.47,117670.17,95196.78,175775.8,156326.43,joints12,0.8894,synthetic_blocktheory_solver,pretrain_only,SWedge_VM_2022_P7_and_Sec3.2_3.3,0.8-1.0
WS0101,74.84,140.63,62.46,271.37,66.34,187.79,9.53,178.13,15.48,26.318,43.45,37.4,16.41,26.4,22.93,wet,34.838,44.894,214.091,26.299,144.26,3796.57,84.41,66.9,0.0,723.73,2757.02,1457.11,joint2,0.5285,synthetic_blocktheory_solver,pretrain_only,SWedge_VM_2022_P7_and_Sec3.2_3.3,<0.8
WS0102,48.13,313.57,47.0,38.46,65.91,347.52,3.48,349.84,36.33,24.945,17.3,34.8,0.17,32.2,0.0,dry,0.0,38.458,357.672,10.152,12129.79,302581.61,1324.69,984.25,129824.15,142438.15,188189.19,203025.89,joints12,1.0788,synthetic_blocktheory_solver,pretrain_only,SWedge_VM_2022_P7_and_Sec3.2_3.3,1.0-1.2
WS0103,56.6,105.81,55.02,214.61,52.63,162.56,4.72,159.89,15.92,25.528,40.61,37.12,10.66,28.92,0.0,dry,0.0,40.286,162.024,0.54,181.54,4634.52,80.86,86.57,2317.11,2453.73,2996.72,7316.18,joints12,2.4414,synthetic_blocktheory_solver,pretrain_only,SWedge_VM_2022_P7_and_Sec3.2_3.3,>2.0
WS0104,64.16,309.07,62.71,39.39,60.62,333.36,14.13,339.71,9.97,22.953,4.96,26.57,15.46,30.37,3.47,wet,3.392,54.643,355.686,22.321,3.64,83.57,12.14,5.79,0.0,11.26,68.97,96.08,joint2,1.393,synthetic_blocktheory_solver,pretrain_only,SWedge_VM_2022_P7_and_Sec3.2_3.3,1.2-1.5
WS0105,52.45,211.91,59.02,305.27,53.92,246.12,1.98,256.28,38.46,23.898,43.86,37.03,36.33,27.02,2.22,wet,8.379,45.028,253.112,6.994,1235.82,29533.7,414.44,254.93,11179.97,9296.27,20893.57,40612.19,joints12,1.9438,synthetic_blocktheory_solver,pretrain_only,SWedge_VM_2022_P7_and_Sec3.2_3.3,1.5-2.0
WS0106,48.46,298.26,56.62,62.56,61.82,341.14,14.97,339.23,8.3,25.618,1.28,28.61,29.51,26.53,2.7,wet,2.195,31.419,356.394,15.25,186.73,4783.66,103.51,63.32,2881.61,2468.22,2493.72,4805.25,joints12,1.9269,synthetic_blocktheory_solver,pretrain_only,SWedge_VM_2022_P7_and_Sec3.2_3.3,1.5-2.0
WS0107,61.16,332.91,63.39,64.27,66.96,13.16,9.24,13.45,28.84,23.597,0.54,36.85,39.23,27.74,0.0,dry,0.0,53.372,16.181,3.017,854.49,20163.37,247.54,201.29,8131.92,7343.24,16181.54,17987.29,joints12,1.1116,synthetic_blocktheory_solver,pretrain_only,SWedge_VM_2022_P7_and_Sec3.2_3.3,1.0-1.2
WS0108,46.9,189.69,35.96,233.42,62.04,214.0,8.96,205.69,15.5,26.888,44.67,26.01,1.93,26.02,0.0,dry,0.0,36.199,235.931,21.934,1821.57,48978.93,339.56,469.38,0.0,39513.74,28941.32,20198.44,joint2,0.6979,synthetic_blocktheory_solver,pretrain_only,SWedge_VM_2022_P7_and_Sec3.2_3.3,<0.8
WS0110,64.56,146.57,44.42,200.4,59.62,190.82,4.11,179.43,12.71,23.202,3.0,30.9,22.33,30.55,14.03,wet,17.494,43.785,210.2,19.378,326.93,7585.63,51.63,239.6,0.0,653.63,5393.12,5735.07,joint2,1.0634,synthetic_blocktheory_solver,pretrain_only,SWedge_VM_2022_P7_and_Sec3.2_3.3,1.0-1.2
WS0112,65.73,113.98,39.35,220.99,53.96,161.98,14.09,163.92,19.76,26.051,25.46,30.77,39.05,29.59,10.77,wet,20.875,34.182,186.553,24.571,855.06,22274.74,213.16,264.05,2352.95,10666.91,12514.51,23194.55,joints12,1.8534,synthetic_blocktheory_solver,pretrain_only,SWedge_VM_2022_P7_and_Sec3.2_3.3,1.5-2.0
WS0113,65.8,345.01,57.2,69.37,71.24,21.03,7.33,34.91,29.93,25.678,41.0,28.89,11.29,38.85,0.0,dry,0.0,52.883,37.275,16.242,1540.89,39566.38,325.18,295.21,11015.35,18258.32,31550.57,37447.13,joints12,1.1869,synthetic_blocktheory_solver,pretrain_only,SWedge_VM_2022_P7_and_Sec3.2_3.3,1.0-1.2
WS0114,59.65,205.17,39.07,306.17,57.77,247.43,2.4,240.66,37.45,24.351,43.33,25.7,4.5,38.06,0.0,dry,0.0,33.925,271.232,23.804,8333.57,202932.95,917.99,983.38,63366.08,138620.59,113258.1,183244.17,joints12,1.6179,synthetic_blocktheory_solver,pretrain_only,SWedge_VM_2022_P7_and_Sec3.2_3.3,1.5-2.0
WS0115,68.65,211.54,57.5,265.86,72.42,259.68,15.41,267.82,16.78,24.324,27.88,33.55,23.2,32.49,1.55,wet,2.558,57.642,263.722,4.044,1184.97,28823.54,70.29,744.16,193.27,13272.75,24347.71,27801.86,joints12,1.1419,synthetic_blocktheory_solver,pretrain_only,SWedge_VM_2022_P7_and_Sec3.2_3.3,1.0-1.2
WS0116,45.0,286.04,60.8,13.17,46.07,306.35,2.52,309.65,33.16,23.186,27.61,28.01,45.78,38.7,0.0,dry,0.0,41.845,313.415,7.063,344.31,7983.13,300.66,92.91,4822.96,2099.51,5325.71,16802.26,joints12,3.1549,synthetic_blocktheory_solver,pretrain_only,SWedge_VM_2022_P7_and_Sec3.2_3.3,>2.0
WS0117,58.63,129.42,56.92,219.69,59.05,172.37,12.77,183.68,12.26,25.495,42.38,32.26,29.64,34.26,4.16,wet,5.004,48.308,175.945,3.576,56.98,1452.8,40.84,38.89,383.89,421.6,1084.85,3413.22,joints12,3.1463,synthetic_blocktheory_solver,pretrain_only,SWedge_VM_2022_P7_and_Sec3.2_3.3,>2.0
WS0118,70.42,129.31,58.28,267.84,49.08,185.08,8.89,181.76,26.95,25.987,29.67,32.27,34.59,31.47,19.24,wet,50.876,35.711,204.695,19.611,528.59,13736.52,219.04,199.6,0.0,1790.5,8163.45,8000.46,joint2,0.98,synthetic_blocktheory_solver,pretrain_only,SWedge_VM_2022_P7_and_Sec3.2_3.3,0.8-1.0
WS0119,52.98,59.14,59.26,149.87,67.87,95.53,15.85,87.46,22.69,22.579,7.81,33.96,11.77,28.97,11.81,wet,26.288,46.072,97.627,2.094,1568.63,35417.53,386.2,244.02,7467.13,6242.67,25508.07,14374.82,joints12,0.5635,synthetic_blocktheory_solver,pretrain_only,SWedge_VM_2022_P7_and_Sec3.2_3.3,<0.8
WS0120,60.31,308.62,43.2,32.91,70.38,0.99,12.47,11.61,8.24,25.026,40.82,28.07,28.1,30.84,6.13,wet,4.957,40.633,8.834,7.847,180.26,4511.09,47.21,99.03,806.75,2362.29,2937.66,6550.09,joints12,2.2297,synthetic_blocktheory_solver,pretrain_only,SWedge_VM_2022_P7_and_Sec3.2_3.3,>2.0
WS0121,53.29,107.75,49.63,166.08,67.35,142.34,18.79,135.21,23.07,25.86,1.12,26.95,15.32,37.49,0.0,dry,0.0,47.537,143.805,1.466,2138.31,55295.77,360.57,482.85,15442.66,24823.71,40792.44,34689.06,joints12,0.8504,synthetic_blocktheory_solver,pretrain_only,SWedge_VM_2022_P7_and_Sec3.2_3.3,0.8-1.0
WS0122,62.23,333.67,72.51,115.29,55.11,33.03,3.47,32.65,17.35,24.121,34.07,35.9,31.28,35.46,8.47,wet,14.411,37.829,39.41,6.376,227.45,5486.18,120.28,97.55,2945.23,2702.42,3364.68,11207.09,joints12,3.3308,synthetic_blocktheory_solver,pretrain_only,SWedge_VM_2022_P7_and_Sec3.2_3.3,>2.0
WS0123,36.7,228.51,40.12,278.22,54.41,244.82,8.3,252.76,28.73,23.729,9.63,31.23,12.85,26.66,0.0,dry,0.0,35.394,245.178,0.354,10762.13,255375.75,1917.27,943.18,145992.71,68498.19,147913.8,153483.09,joints12,1.0377,synthetic_blocktheory_solver,pretrain_only,SWedge_VM_2022_P7_and_Sec3.2_3.3,1.0-1.2
WS0124,54.29,344.09,51.13,44.46,73.41,14.64,8.72,25.72,37.85,22.444,9.17,38.42,3.13,33.64,0.0,dry,0.0,48.093,18.767,4.124,12129.45,272238.01,1120.84,1241.9,84959.61,113179.47,202606.64,156838.6,joints12,0.7741,synthetic_blocktheory_solver,pretrain_only,SWedge_VM_2022_P7_and_Sec3.2_3.3,<0.8
WS0125,66.1,83.48,69.32,191.36,69.3,130.28,11.71,144.16,18.2,24.059,25.6,35.9,40.62,30.98,12.49,wet,22.303,55.305,135.061,4.779,157.81,3796.62,83.31,68.08,0.0,33.21,3125.53,2785.21,joint2,0.8911,synthetic_blocktheory_solver,pretrain_only,SWedge_VM_2022_P7_and_Sec3.2_3.3,0.8-1.0
WS0126,63.64,221.39,42.15,299.46,73.53,267.44,14.57,277.85,8.27,23.338,3.93,33.23,34.38,30.54,5.5,wet,4.458,41.452,285.942,18.503,204.38,4769.83,53.02,105.69,400.93,2769.82,3157.62,5738.42,joints12,1.8173,synthetic_blocktheory_solver,pretrain_only,SWedge_VM_2022_P7_and_Sec3.2_3.3,1.5-2.0
WS0127,55.91,169.64,61.93,256.84,67.69,193.1,18.47,192.72,33.86,22.972,36.78,31.0,19.28,29.14,5.79,wet,19.223,49.563,206.424,13.32,3706.94,85155.19,853.06,361.49,22965.21,22012.99,64813.1,64422.47,joints12,0.994,synthetic_blocktheory_solver,pretrain_only,SWedge_VM_2022_P7_and_Sec3.2_3.3,0.8-1.0
WS0128,41.69,243.71,37.94,288.43,73.85,284.17,12.18,280.57,19.69,26.374,33.9,25.33,34.93,32.17,25.66,wet,49.565,37.101,274.775,9.391,21615.7,570095.98,603.18,4807.64,107127.69,91271.57,343893.49,296495.68,joints12,0.8622,synthetic_blocktheory_solver,pretrain_only,SWedge_VM_2022_P7_and_Sec3.2_3.3,0.8-1.0
WS0129,61.58,306.02,58.86,67.17,61.16,359.18,1.59,354.36,33.89,23.724,47.39,32.74,34.79,37.38,13.94,wet,46.343,41.016,8.553,9.377,2636.52,62547.57,488.49,429.21,12297.83,17197.05,41048.02,59125.57,joints12,1.4404,synthetic_blocktheory_solver,pretrain_only,SWedge_VM_2022_P7_and_Sec3.2_3.3,1.2-1.5
WS0130,48.3,154.89,59.97,287.54,53.08,225.31,16.74,228.02,23.95,26.192,37.36,26.17,18.03,29.99,8.92,wet,20.954,28.299,215.35,9.959,3910.59,102425.66,737.91,684.87,59191.54,44075.75,48557.69,94439.05,joints12,1.9449,synthetic_blocktheory_solver,pretrain_only,SWedge_VM_2022_P7_and_Sec3.2_3.3,1.5-2.0
WS0131,74.1,163.1,65.15,224.83,75.3,202.53,4.85,196.73,33.39,24.214,19.38,35.78,16.2,36.67,0.0,dry,0.0,65.087,214.235,11.705,774.32,18749.63,172.49,295.66,1626.27,6922.88,17004.94,14461.79,joints12,0.8504,synthetic_blocktheory_solver,pretrain_only,SWedge_VM_2022_P7_and_Sec3.2_3.3,0.8-1.0
WS0132,55.31,242.79,50.5,353.16,64.64,292.42,0.71,302.82,16.22,26.084,28.65,25.78,10.17,28.02,0.0,dry,0.0,36.838,301.023,8.604,716.64,18692.57,178.93,165.93,9247.52,10537.22,11207.3,16887.43,joints12,1.5068,synthetic_blocktheory_solver,pretrain_only,SWedge_VM_2022_P7_and_Sec3.2_3.3,1.5-2.0
WS0133,53.95,325.75,59.14,81.91,52.29,40.04,9.98,27.46,28.2,24.235,23.08,34.38,0.86,27.02,2.34,wet,6.483,38.277,20.581,19.458,1021.51,24755.76,242.55,319.96,13073.21,10774.74,15335.25,20315.42,joints12,1.3248,synthetic_blocktheory_solver,pretrain_only,SWedge_VM_2022_P7_and_Sec3.2_3.3,1.2-1.5
WS0134,46.22,235.05,67.06,302.63,60.99,261.8,12.86,271.44,36.64,23.666,19.13,37.93,29.61,37.66,1.35,wet,4.865,46.425,238.527,23.273,2872.43,67979.04,702.48,392.88,42323.79,127.84,49249.08,58154.43,joints12,1.1808,synthetic_blocktheory_solver,pretrain_only,SWedge_VM_2022_P7_and_Sec3.2_3.3,1.0-1.2
WS0135,48.59,265.33,42.6,4.73,52.58,336.6,2.81,326.26,10.34,25.348,20.01,29.23,45.44,36.44,23.86,wet,24.213,33.309,320.494,16.107,211.06,5349.94,55.77,121.84,963.5,48.97,2937.91,7227.2,joints12,2.46,synthetic_blocktheory_solver,pretrain_only,SWedge_VM_2022_P7_and_Sec3.2_3.3,>2.0
WS0136,43.99,263.26,41.06,350.0,68.1,317.07,16.55,311.82,19.85,26.766,47.08,26.95,31.55,32.13,15.85,wet,30.873,33.294,310.454,6.613,5748.67,153867.82,647.92,939.35,45432.95,50778.98,84464.58,115134.52,joints12,1.3631,synthetic_blocktheory_solver,pretrain_only,SWedge_VM_2022_P7_and_Sec3.2_3.3,1.2-1.5
WS0137,56.81,189.0,64.95,255.94,71.54,220.25,19.39,226.54,20.54,25.403,37.96,31.02,12.92,32.79,2.91,wet,5.866,54.876,207.737,12.517,643.49,16346.41,193.88,170.53,6293.07,2042.79,13369.86,14662.98,joints12,1.0967,synthetic_blocktheory_solver,pretrain_only,SWedge_VM_2022_P7_and_Sec3.2_3.3,1.0-1.2
WS0139,72.74,34.54,57.83,167.42,73.87,125.11,5.39,114.66,29.53,26.094,22.01,35.56,14.0,39.54,33.05,wet,95.735,40.112,109.904,15.205,3639.15,94961.8,426.6,703.65,16098.92,6632.83,61182.81,36228.36,joints12,0.5921,synthetic_blocktheory_solver,pretrain_only,SWedge_VM_2022_P7_and_Sec3.2_3.3,<0.8
WS0140,65.57,117.82,53.91,230.26,71.31,177.18,3.21,166.78,24.35,24.094,4.55,37.52,4.76,38.06,0.0,dry,0.0,42.453,183.423,6.244,1834.97,44212.39,293.55,353.11,19418.21,27280.54,29842.49,39288.62,joints12,1.3165,synthetic_blocktheory_solver,pretrain_only,SWedge_VM_2022_P7_and_Sec3.2_3.3,1.2-1.5
WS0141,52.66,59.96,51.66,163.97,64.12,101.37,9.43,88.64,30.2,24.705,42.87,35.8,30.52,25.28,2.35,wet,6.958,38.307,112.661,11.286,4769.63,117835.4,748.53,541.86,53595.01,56783.45,73043.09,114105.09,joints12,1.5622,synthetic_blocktheory_solver,pretrain_only,SWedge_VM_2022_P7_and_Sec3.2_3.3,1.5-2.0
WS0142,63.96,183.52,67.64,330.89,70.51,238.09,9.35,223.22,25.41,25.615,46.62,31.5,2.84,29.0,32.59,wet,81.247,30.316,255.438,17.351,3512.52,89973.31,708.65,547.64,24316.16,33820.72,45415.11,68239.8,joints12,1.5026,synthetic_blocktheory_solver,pretrain_only,SWedge_VM_2022_P7_and_Sec3.2_3.3,1.5-2.0
WS0143,44.93,299.73,43.6,27.41,49.71,350.5,9.23,343.66,20.3,26.013,14.15,30.09,17.37,34.15,14.36,wet,28.58,34.573,346.036,4.46,1156.44,30082.37,255.41,324.8,6076.33,5575.41,17070.37,16559.42,joints12,0.9701,synthetic_blocktheory_solver,pretrain_only,SWedge_VM_2022_P7_and_Sec3.2_3.3,0.8-1.0
WS0144,39.98,42.7,34.36,86.88,66.08,67.33,12.93,66.0,33.4,22.066,10.78,25.6,9.42,30.51,0.0,dry,0.0,34.114,79.438,12.103,40379.48,891014.05,2706.76,3833.9,121323.13,628187.49,499714.47,493582.87,joints12,0.9877,synthetic_blocktheory_solver,pretrain_only,SWedge_VM_2022_P7_and_Sec3.2_3.3,0.8-1.0
WS0145,56.37,103.39,68.62,240.47,66.63,177.44,11.07,164.24,36.36,22.32,20.24,28.78,39.97,34.53,33.13,wet,118.166,34.588,166.608,10.833,8015.08,178899.66,1073.22,989.96,15838.22,935.16,101555.54,70635.28,joints12,0.6955,synthetic_blocktheory_solver,pretrain_only,SWedge_VM_2022_P7_and_Sec3.2_3.3,<0.8
WS0146,74.21,282.67,56.73,34.78,67.92,341.15,16.66,331.41,24.17,22.299,48.5,39.5,5.18,32.47,2.57,wet,6.103,49.006,353.675,12.524,723.12,16124.92,184.87,220.62,4669.54,8412.61,12170.65,19311.03,joints12,1.5867,synthetic_blocktheory_solver,pretrain_only,SWedge_VM_2022_P7_and_Sec3.2_3.3,1.5-2.0
WS0147,46.76,165.06,39.55,272.92,64.35,227.8,14.12,227.81,25.71,24.463,14.92,25.29,41.09,28.19,30.05,wet,75.794,28.968,225.023,2.775,12380.11,302857.15,1091.77,1580.07,52245.72,61726.55,146681.06,138993.89,joints12,0.9476,synthetic_blocktheory_solver,pretrain_only,SWedge_VM_2022_P7_and_Sec3.2_3.3,0.8-1.0
WS0148,65.93,2.66,73.45,146.14,63.79,96.69,12.55,95.19,23.18,22.563,11.92,26.93,40.75,35.63,13.96,wet,31.737,39.887,70.094,26.599,661.67,14929.55,202.6,255.7,6601.35,3804.89,9573.93,18914.52,joints12,1.9756,synthetic_blocktheory_solver,pretrain_only,SWedge_VM_2022_P7_and_Sec3.2_3.3,1.5-2.0
WS0149,35.56,35.71,63.76,123.28,66.75,76.68,11.33,68.46,28.44,22.649,10.67,36.23,30.25,25.82,12.92,wet,36.036,34.167,53.396,23.283,8859.3,200658.3,1286.16,719.22,104450.13,7588.42,112691.87,115680.74,joints12,1.0265,synthetic_blocktheory_solver,pretrain_only,SWedge_VM_2022_P7_and_Sec3.2_3.3,1.0-1.2
WS0151,66.77,74.26,42.17,136.01,70.16,119.41,8.57,113.95,28.11,24.81,32.11,30.74,32.22,33.6,21.09,wet,58.159,42.15,141.239,21.83,7645.79,189691.76,443.73,1472.26,0.0,39822.5,130777.34,73888.87,joint2,0.565,synthetic_blocktheory_solver,pretrain_only,SWedge_VM_2022_P7_and_Sec3.2_3.3,<0.8
WS0152,47.24,69.01,43.32,146.38,72.16,116.19,7.13,119.99,39.97,25.179,12.73,33.72,37.54,34.06,2.44,wet,9.578,38.068,112.457,3.738,29211.36,735520.38,1606.48,2537.56,264274.42,340585.36,453516.93,522325.38,joints12,1.1517,synthetic_blocktheory_solver,pretrain_only,SWedge_VM_2022_P7_and_Sec3.2_3.3,1.0-1.2
WS0153,59.28,143.1,50.33,183.82,73.64,163.29,14.55,150.46,17.13,25.402,15.18,25.77,10.45,34.4,0.0,dry,0.0,50.155,188.886,25.593,1059.17,26904.52,274.61,256.21,0.0,17200.04,20688.45,14453.06,joint2,0.6986,synthetic_blocktheory_solver,pretrain_only,SWedge_VM_2022_P7_and_Sec3.2_3.3,<0.8
WS0155,32.7,253.94,55.94,306.55,55.55,261.76,14.95,266.68,17.81,24.646,0.55,26.52,21.6,26.66,0.0,dry,0.0,31.799,241.083,20.678,6172.84,152138.42,2037.89,309.11,128386.55,0.0,81627.16,65192.22,joint1,0.7987,synthetic_blocktheory_solver,pretrain_only,SWedge_VM_2022_P7_and_Sec3.2_3.3,<0.8
WS0156,58.83,195.04,59.32,316.42,46.53,243.86,10.4,241.9,35.95,25.852,40.12,38.25,12.0,30.56,9.54,wet,33.646,38.863,255.659,11.795,735.98,19026.22,293.12,231.15,1333.06,3393.01,11938.09,17588.48,joints12,1.4733,synthetic_blocktheory_solver,pretrain_only,SWedge_VM_2022_P7_and_Sec3.2_3.3,1.2-1.5
WS0157,49.22,121.1,50.47,240.98,50.53,202.29,17.79,217.01,16.29,24.883,46.26,30.5,7.21,30.38,20.04,wet,32.025,30.7,180.874,21.416,683.59,17009.56,158.86,273.19,4812.99,922.59,8684.12,12696.06,joints12,1.462,synthetic_blocktheory_solver,pretrain_only,SWedge_VM_2022_P7_and_Sec3.2_3.3,1.2-1.5
WS0158,59.46,291.27,65.95,72.24,45.02,2.85,10.69,7.02,26.51,22.886,6.92,37.3,41.24,26.91,4.0,wet,10.409,32.679,358.648,4.201,797.47,18250.52,277.02,268.28,11971.78,10789.79,9854.06,27577.49,joints12,2.7986,synthetic_blocktheory_solver,pretrain_only,SWedge_VM_2022_P7_and_Sec3.2_3.3,>2.0
WS0159,37.63,187.79,74.06,293.45,69.66,236.15,10.05,233.37,34.4,22.869,0.41,32.93,16.82,35.32,10.24,wet,34.563,34.943,213.748,22.404,12088.5,276449.69,1544.84,868.29,161030.44,30420.04,158338.44,141109.37,joints12,0.8912,synthetic_blocktheory_solver,pretrain_only,SWedge_VM_2022_P7_and_Sec3.2_3.3,0.8-1.0
WS0160,73.29,252.9,61.59,32.33,56.27,338.59,13.03,350.16,27.43,23.667,28.23,39.9,23.06,26.59,17.21,wet,46.318,39.777,328.872,9.723,924.72,21885.12,238.82,331.06,4183.68,2728.86,14002.24,19238.28,joints12,1.3739,synthetic_blocktheory_solver,pretrain_only,SWedge_VM_2022_P7_and_Sec3.2_3.3,1.2-1.5
WS0161,47.11,183.38,61.14,314.78,46.62,269.58,0.04,263.27,18.34,25.69,4.24,32.41,9.18,25.22,16.83,wet,30.281,29.048,242.524,27.052,484.17,12438.27,152.58,180.64,4461.45,1397.67,6039.28,5795.89,joints12,0.9597,synthetic_blocktheory_solver,pretrain_only,SWedge_VM_2022_P7_and_Sec3.2_3.3,0.8-1.0
WS0162,62.64,104.31,67.37,232.25,66.93,164.77,16.21,161.69,23.72,24.752,8.73,31.93,12.77,31.99,0.0,dry,0.0,42.646,165.106,0.335,1196.02,29603.46,308.94,274.34,19595.83,17703.08,20055.43,29470.23,joints12,1.4694,synthetic_blocktheory_solver,pretrain_only,SWedge_VM_2022_P7_and_Sec3.2_3.3,1.2-1.5
WS0163,61.87,194.88,65.77,303.33,72.71,248.9,6.38,249.01,13.05,26.964,23.78,38.39,45.01,32.58,1.18,wet,1.512,49.92,245.431,3.474,164.05,4423.49,67.91,66.03,2091.76,1854.48,3384.6,7429.54,joints12,2.1951,synthetic_blocktheory_solver,pretrain_only,SWedge_VM_2022_P7_and_Sec3.2_3.3,>2.0
WS0164,40.97,305.68,34.77,16.46,63.64,346.2,19.3,350.98,16.46,25.635,18.56,26.02,45.2,25.09,29.27,wet,47.265,31.881,351.137,4.941,5110.74,131014.97,639.13,1062.98,10226.47,27466.93,69196.05,77759.45,joints12,1.1238,synthetic_blocktheory_solver,pretrain_only,SWedge_VM_2022_P7_and_Sec3.2_3.3,1.0-1.2
WS0166,62.85,203.95,63.09,313.49,55.96,275.53,17.71,284.41,26.46,23.501,49.92,26.84,3.66,28.11,0.0,dry,0.0,48.213,259.3,16.233,187.24,4400.16,82.99,128.05,2135.67,2132.95,3280.86,6831.03,joints12,2.0821,synthetic_blocktheory_solver,pretrain_only,SWedge_VM_2022_P7_and_Sec3.2_3.3,>2.0
WS0167,58.97,340.42,55.69,60.15,66.93,19.98,4.32,31.02,38.55,24.632,22.75,26.48,30.34,32.21,0.0,dry,0.0,49.534,23.156,3.181,4343.03,106976.26,604.37,627.38,37731.3,44145.17,81387.2,79391.79,joints12,0.9755,synthetic_blocktheory_solver,pretrain_only,SWedge_VM_2022_P7_and_Sec3.2_3.3,0.8-1.0
WS0168,39.03,64.92,42.55,112.61,63.38,88.33,16.86,73.55,28.63,23.723,25.05,28.43,47.59,28.82,0.0,dry,0.0,37.808,81.401,6.931,15514.12,368045.55,2096.08,1388.65,197320.99,103518.93,225619.24,282387.4,joints12,1.2516,synthetic_blocktheory_solver,pretrain_only,SWedge_VM_2022_P7_and_Sec3.2_3.3,1.2-1.5
WS0170,70.35,174.12,65.77,320.31,74.75,237.97,16.73,231.61,34.82,23.911,44.59,31.9,49.82,37.92,17.36,wet,59.313,36.028,249.704,11.73,7583.73,181333.5,1163.64,1055.9,83512.48,98684.65,106657.36,233366.83,joints12,2.188,synthetic_blocktheory_solver,pretrain_only,SWedge_VM_2022_P7_and_Sec3.2_3.3,>2.0
WS0171,48.2,315.55,55.51,29.64,68.85,330.37,15.83,316.2,35.8,22.397,8.5,36.6,15.91,39.6,0.0,dry,0.0,44.804,343.083,12.711,15279.66,342212.04,2722.96,610.46,172366.27,101033.7,241153.25,244416.14,joints12,1.0135,synthetic_blocktheory_solver,pretrain_only,SWedge_VM_2022_P7_and_Sec3.2_3.3,1.0-1.2
WS0172,68.13,57.26,36.67,168.65,56.05,116.52,15.44,108.75,35.52,25.601,37.78,27.82,21.61,30.57,19.47,wet,67.839,31.451,133.655,17.13,11098.84,284136.3,1000.58,1579.86,16527.09,112043.21,148251.82,146842.5,joints12,0.9905,synthetic_blocktheory_solver,pretrain_only,SWedge_VM_2022_P7_and_Sec3.2_3.3,0.8-1.0
WS0173,63.38,4.71,62.85,85.21,70.24,54.67,16.1,60.47,23.16,26.883,28.82,36.73,36.15,28.24,2.17,wet,4.935,56.126,45.025,9.643,542.81,14592.22,130.67,203.47,4305.61,4011.57,12115.43,16487.86,joints12,1.3609,synthetic_blocktheory_solver,pretrain_only,SWedge_VM_2022_P7_and_Sec3.2_3.3,1.2-1.5
WS0174,42.74,233.58,57.05,325.94,46.35,271.37,7.25,265.2,17.76,23.918,26.14,28.61,37.79,30.77,12.37,wet,21.558,37.739,266.979,4.392,212.86,5091.29,132.53,79.11,247.44,0.0,3117.3,3599.11,joint1,1.1546,synthetic_blocktheory_solver,pretrain_only,SWedge_VM_2022_P7_and_Sec3.2_3.3,1.0-1.2
WS0175,63.38,14.83,52.29,118.31,58.64,86.07,5.18,93.39,9.95,25.823,12.78,27.13,38.22,27.17,8.05,wet,7.853,43.303,76.547,9.519,62.49,1613.53,26.47,53.8,411.71,507.05,1106.65,2865.73,joints12,2.5896,synthetic_blocktheory_solver,pretrain_only,SWedge_VM_2022_P7_and_Sec3.2_3.3,>2.0
WS0176,53.19,323.13,49.52,80.99,74.08,358.44,17.29,6.05,12.93,24.222,37.91,27.04,28.92,32.87,11.37,wet,14.42,32.406,24.514,26.07,1206.0,29212.14,336.58,222.48,10914.86,14143.46,15655.17,33902.36,joints12,2.1656,synthetic_blocktheory_solver,pretrain_only,SWedge_VM_2022_P7_and_Sec3.2_3.3,>2.0
WS0177,51.87,29.17,72.21,133.25,67.52,63.49,10.67,63.37,31.59,24.883,6.53,32.35,0.67,35.44,0.0,dry,0.0,46.478,63.194,0.296,3092.01,76938.37,678.6,334.11,47106.85,22979.07,55788.76,50850.08,joints12,0.9115,synthetic_blocktheory_solver,pretrain_only,SWedge_VM_2022_P7_and_Sec3.2_3.3,0.8-1.0
WS0178,45.72,127.27,60.71,217.92,55.64,150.76,11.88,147.31,13.76,24.238,34.26,35.44,30.73,38.91,3.11,wet,4.202,41.64,156.954,6.191,262.31,6357.77,167.06,58.04,3136.61,1538.59,4224.45,10981.45,joints12,2.5995,synthetic_blocktheory_solver,pretrain_only,SWedge_VM_2022_P7_and_Sec3.2_3.3,>2.0
WS0179,55.53,222.56,59.61,263.31,65.42,250.99,3.75,253.18,25.15,23.245,0.36,38.07,3.9,37.14,0.0,dry,0.0,55.167,229.015,21.979,563.55,13099.85,144.79,318.8,6386.67,1287.49,10752.64,7272.3,joints12,0.6763,synthetic_blocktheory_solver,pretrain_only,SWedge_VM_2022_P7_and_Sec3.2_3.3,<0.8
WS0180,53.49,151.18,70.58,213.04,72.54,177.58,5.06,162.74,12.48,24.874,13.74,32.91,45.43,31.95,0.0,dry,0.0,53.105,151.073,26.511,149.18,3710.73,82.44,53.35,2226.34,2.49,2967.6,4998.91,joints12,1.6845,synthetic_blocktheory_solver,pretrain_only,SWedge_VM_2022_P7_and_Sec3.2_3.3,1.5-2.0
WS0181,74.57,60.24,62.43,190.02,64.4,147.82,11.32,137.79,23.58,26.575,11.48,31.22,48.48,36.86,3.3,wet,7.633,46.23,132.668,15.153,534.92,14215.25,142.89,226.24,7022.38,8252.54,10265.12,23051.2,joints12,2.2456,synthetic_blocktheory_solver,pretrain_only,SWedge_VM_2022_P7_and_Sec3.2_3.3,>2.0
WS0182,51.48,193.23,52.58,250.26,57.56,209.34,10.26,199.03,10.46,25.246,13.83,33.01,37.85,30.41,4.37,wet,4.487,48.08,219.263,9.927,57.45,1450.31,67.39,26.91,267.61,354.84,1079.13,2332.72,joints12,2.1617,synthetic_blocktheory_solver,pretrain_only,SWedge_VM_2022_P7_and_Sec3.2_3.3,>2.0
WS0183,31.92,15.57,64.1,85.28,47.76,30.27,16.85,39.92,11.11,24.95,31.6,33.2,8.78,27.43,4.65,wet,5.072,31.671,13.17,17.103,446.64,11143.89,319.04,68.16,7677.24,0.0,5874.17,15105.3,joint1,2.5715,synthetic_blocktheory_solver,pretrain_only,SWedge_VM_2022_P7_and_Sec3.2_3.3,>2.0
WS0184,52.64,115.56,63.59,236.28,59.69,156.71,14.74,167.51,31.04,25.195,39.47,33.6,9.61,31.9,0.0,dry,0.0,37.996,169.039,12.327,3666.98,92390.29,752.78,473.53,60544.26,47054.84,56875.66,103769.04,joints12,1.8245,synthetic_blocktheory_solver,pretrain_only,SWedge_VM_2022_P7_and_Sec3.2_3.3,1.5-2.0
WS0185,61.6,305.4,64.58,46.14,66.58,343.23,13.92,352.16,21.46,25.676,11.54,34.16,18.37,25.23,3.65,wet,7.691,51.728,351.358,8.127,407.36,10459.19,163.19,114.1,3461.03,3235.33,8211.32,7852.58,joints12,0.9563,synthetic_blocktheory_solver,pretrain_only,SWedge_VM_2022_P7_and_Sec3.2_3.3,0.8-1.0
WS0186,55.76,254.82,36.88,359.76,67.96,315.17,6.99,323.53,28.5,26.124,41.51,28.35,44.23,29.09,34.09,wet,95.33,30.275,322.224,7.05,12397.31,323870.78,873.28,1529.23,25959.95,79028.34,163280.96,161867.0,joints12,0.9913,synthetic_blocktheory_solver,pretrain_only,SWedge_VM_2022_P7_and_Sec3.2_3.3,0.8-1.0
WS0187,40.63,307.78,40.1,34.58,50.64,347.43,0.41,353.31,21.53,26.338,30.68,32.52,5.23,31.64,9.55,wet,20.177,32.15,351.303,3.872,2103.28,55395.15,429.13,375.06,17410.53,18741.97,29478.08,37775.56,joints12,1.2815,synthetic_blocktheory_solver,pretrain_only,SWedge_VM_2022_P7_and_Sec3.2_3.3,1.2-1.5
WS0188,45.5,79.91,60.67,144.83,71.64,88.11,7.64,85.35,37.45,25.074,18.16,37.9,18.16,37.17,0.0,dry,0.0,45.338,88.184,0.074,38513.86,965696.43,6094.87,703.22,628599.38,76359.38,686861.31,670663.86,joints12,0.9764,synthetic_blocktheory_solver,pretrain_only,SWedge_VM_2022_P7_and_Sec3.2_3.3,0.8-1.0
WS0189,60.07,303.0,59.79,70.61,64.59,5.5,19.8,3.41,28.02,26.627,33.73,37.16,4.67,31.76,6.82,wet,18.737,37.54,6.536,1.035,3739.14,99562.59,651.86,630.72,51154.53,51378.97,60664.9,95516.66,joints12,1.5745,synthetic_blocktheory_solver,pretrain_only,SWedge_VM_2022_P7_and_Sec3.2_3.3,1.5-2.0
WS0190,42.85,17.26,61.81,106.49,61.65,45.19,10.42,57.6,9.6,23.819,40.06,33.24,33.08,28.14,9.66,wet,9.096,39.712,43.055,2.131,162.18,3863.0,99.11,45.08,1590.88,559.38,2468.19,6803.03,joints12,2.7563,synthetic_blocktheory_solver,pretrain_only,SWedge_VM_2022_P7_and_Sec3.2_3.3,>2.0
WS0191,52.78,206.63,52.06,280.76,65.99,228.94,4.9,231.12,27.51,26.337,21.82,35.2,12.52,27.93,11.55,wet,31.175,45.822,243.869,14.928,2775.54,73100.76,633.0,314.57,8892.71,19556.16,52426.67,34388.57,joints12,0.6559,synthetic_blocktheory_solver,pretrain_only,SWedge_VM_2022_P7_and_Sec3.2_3.3,<0.8
WS0193,36.8,162.85,55.05,223.37,72.1,179.76,16.25,173.78,28.62,22.089,16.14,32.06,21.85,26.65,0.0,dry,0.0,36.72,164.351,15.411,25890.84,571890.89,3811.75,1006.85,451775.72,9388.59,341937.03,371165.27,joints12,1.0855,synthetic_blocktheory_solver,pretrain_only,SWedge_VM_2022_P7_and_Sec3.2_3.3,1.0-1.2
WS0194,41.85,199.43,70.35,258.7,69.17,208.0,4.71,214.37,21.34,26.841,14.14,33.63,31.43,32.28,0.0,dry,0.0,41.096,187.382,20.614,5510.58,147910.48,1484.59,232.04,110538.25,0.0,98279.22,94528.73,joint1,0.9618,synthetic_blocktheory_solver,pretrain_only,SWedge_VM_2022_P7_and_Sec3.2_3.3,0.8-1.0
WS0195,37.78,75.5,71.14,152.97,53.02,106.83,5.44,110.18,34.43,26.026,43.32,28.25,36.83,32.55,1.15,wet,3.885,37.942,78.687,28.146,2808.2,73087.49,755.5,351.08,53972.61,469.48,44938.85,74958.57,joints12,1.668,synthetic_blocktheory_solver,pretrain_only,SWedge_VM_2022_P7_and_Sec3.2_3.3,1.5-2.0
WS0196,75.04,335.74,54.24,88.97,64.06,44.52,12.82,32.67,11.28,25.561,32.77,25.92,34.88,29.69,17.23,wet,19.069,46.695,49.467,4.948,73.67,1883.04,35.79,54.34,0.0,174.99,1370.31,1995.35,joint2,1.4561,synthetic_blocktheory_solver,pretrain_only,SWedge_VM_2022_P7_and_Sec3.2_3.3,1.2-1.5
WS0197,45.14,303.7,43.75,27.26,64.76,336.23,2.64,326.86,10.22,23.741,47.47,39.39,9.32,27.25,21.33,wet,21.378,36.395,347.819,11.586,325.8,7734.89,122.93,85.97,683.78,1893.45,4589.48,8172.6,joints12,1.7807,synthetic_blocktheory_solver,pretrain_only,SWedge_VM_2022_P7_and_Sec3.2_3.3,1.5-2.0
WS0198,39.43,352.52,43.34,47.74,45.89,16.95,13.92,4.31,27.67,25.821,21.25,33.13,40.07,34.35,8.24,wet,22.375,37.541,12.777,4.176,1660.26,42868.95,557.92,384.36,10261.35,4282.94,26121.49,36880.37,joints12,1.4119,synthetic_blocktheory_solver,pretrain_only,SWedge_VM_2022_P7_and_Sec3.2_3.3,1.2-1.5
WS0199,67.27,67.69,38.09,127.86,63.56,122.36,12.88,128.66,19.15,23.246,45.91,34.35,32.36,25.56,7.04,wet,13.22,37.236,140.024,17.665,12579.71,292430.57,236.39,3956.83,0.0,176693.85,179943.03,212557.64,joint2,1.1812,synthetic_blocktheory_solver,pretrain_only,SWedge_VM_2022_P7_and_Sec3.2_3.3,1.0-1.2
WS0200,49.6,213.22,64.48,334.11,46.81,267.29,18.82,264.18,21.47,22.304,0.64,32.37,18.91,34.76,1.82,wet,3.841,35.423,264.238,3.048,559.35,12475.43,235.85,173.62,7719.43,5397.44,7230.8,12074.99,joints12,1.6699,synthetic_blocktheory_solver,pretrain_only,SWedge_VM_2022_P7_and_Sec3.2_3.3,1.5-2.0
WS0201,74.48,165.78,60.84,296.0,66.42,217.97,18.7,222.54,35.2,24.935,33.58,26.55,24.36,38.37,16.51,wet,57.008,44.976,240.171,22.203,2315.51,57736.17,520.1,462.03,3229.93,15095.49,40808.67,42287.52,joints12,1.0362,synthetic_blocktheory_solver,pretrain_only,SWedge_VM_2022_P7_and_Sec3.2_3.3,1.0-1.2
WS0202,53.92,183.83,68.21,306.43,60.4,249.5,11.68,237.05,17.26,22.714,6.96,32.48,31.59,26.12,7.89,wet,13.355,39.773,236.124,13.376,410.05,9313.75,148.1,134.48,4419.68,2857.49,5958.5,9493.86,joints12,1.5933,synthetic_blocktheory_solver,pretrain_only,SWedge_VM_2022_P7_and_Sec3.2_3.3,1.5-2.0
WS0203,49.94,327.87,59.12,99.13,49.67,42.43,4.33,46.64,17.66,22.469,18.22,28.49,13.34,30.24,23.92,wet,41.444,29.928,29.965,12.462,628.55,14122.64,186.5,192.93,2225.12,436.74,7045.91,7435.1,joints12,1.0552,synthetic_blocktheory_solver,pretrain_only,SWedge_VM_2022_P7_and_Sec3.2_3.3,1.0-1.2
WS0204,67.89,133.98,53.12,238.0,63.07,191.58,16.36,182.36,17.49,26.359,25.23,31.7,6.25,25.46,1.24,wet,2.132,46.296,197.831,6.254,327.45,8631.14,103.32,134.86,2858.25,4698.48,6239.62,7452.28,joints12,1.1943,synthetic_blocktheory_solver,pretrain_only,SWedge_VM_2022_P7_and_Sec3.2_3.3,1.0-1.2
WS0205,59.01,37.7,47.67,120.01,73.25,92.4,1.2,87.42,9.19,22.9,26.44,27.15,44.93,34.48,20.11,wet,18.13,44.187,91.97,0.432,185.51,4248.1,45.07,91.6,357.79,689.01,2960.92,5964.16,joints12,2.0143,synthetic_blocktheory_solver,pretrain_only,SWedge_VM_2022_P7_and_Sec3.2_3.3,>2.0
WS0206,52.9,58.79,54.88,185.91,69.71,99.62,16.19,107.01,29.94,26.189,29.69,28.52,17.71,28.38,30.63,wet,89.949,31.652,121.311,21.687,11739.38,307442.97,1571.11,1050.49,52243.86,89607.75,161331.55,142050.45,joints12,0.8805,synthetic_blocktheory_solver,pretrain_only,SWedge_VM_2022_P7_and_Sec3.2_3.3,0.8-1.0
WS0207,51.54,55.58,50.3,116.24,63.17,68.03,9.73,56.32,37.33,22.927,42.98,35.09,32.27,38.49,0.0,dry,0.0,47.177,86.764,18.736,7587.0,173944.44,1856.98,467.25,62209.83,65778.21,127580.42,190900.17,joints12,1.4963,synthetic_blocktheory_solver,pretrain_only,SWedge_VM_2022_P7_and_Sec3.2_3.3,1.2-1.5
WS0208,64.19,0.33,36.76,74.34,69.78,51.81,6.42,55.67,9.48,23.584,45.39,38.54,35.3,28.15,1.71,wet,1.592,36.407,68.955,17.147,446.11,10521.08,66.52,209.0,448.43,7843.39,6244.47,14951.13,joints12,2.3943,synthetic_blocktheory_solver,pretrain_only,SWedge_VM_2022_P7_and_Sec3.2_3.3,>2.0
WS0209,47.69,331.12,53.83,32.65,70.82,349.16,10.11,2.68,34.44,26.423,13.04,35.08,9.34,35.22,0.57,wet,1.942,45.874,352.055,2.898,12147.62,320977.7,1760.82,776.28,158745.16,76798.96,230401.88,195891.05,joints12,0.8502,synthetic_blocktheory_solver,pretrain_only,SWedge_VM_2022_P7_and_Sec3.2_3.3,0.8-1.0
WS0210,34.46,171.39,64.94,231.64,46.1,178.64,5.64,188.62,15.53,25.186,42.29,31.32,20.45,30.29,0.0,dry,0.0,33.712,159.693,18.949,977.08,24608.78,688.18,77.62,20348.57,0.0,13839.36,41487.73,joint1,2.9978,synthetic_blocktheory_solver,pretrain_only,SWedge_VM_2022_P7_and_Sec3.2_3.3,>2.0
WS0211,72.9,304.83,50.89,57.46,70.55,0.56,6.73,9.41,24.84,25.5,4.14,27.57,49.48,38.15,6.78,wet,16.52,43.729,17.423,16.86,1548.28,39481.36,271.38,337.15,9698.85,20594.19,27291.53,39049.95,joints12,1.4308,synthetic_blocktheory_solver,pretrain_only,SWedge_VM_2022_P7_and_Sec3.2_3.3,1.2-1.5
WS0212,45.31,312.81,55.07,55.27,61.72,354.74,12.02,356.42,33.91,25.924,23.29,31.29,9.86,33.46,15.97,wet,53.125,35.908,356.009,1.267,9588.27,248567.15,1272.98,852.26,80328.29,56457.26,145781.89,124178.54,joints12,0.8518,synthetic_blocktheory_solver,pretrain_only,SWedge_VM_2022_P7_and_Sec3.2_3.3,0.8-1.0
WS0213,43.8,289.53,63.09,330.92,63.15,291.15,0.14,291.94,18.43,26.543,8.41,27.09,34.73,36.22,0.0,dry,0.0,41.627,267.733,23.418,12660.05,336029.52,5394.9,160.24,242577.02,0.0,232534.35,169474.88,joint1,0.7288,synthetic_blocktheory_solver,pretrain_only,SWedge_VM_2022_P7_and_Sec3.2_3.3,<0.8
WS0214,38.16,187.99,51.0,275.32,61.03,223.95,1.59,235.52,15.16,25.351,44.26,30.12,18.25,27.03,9.1,wet,13.542,34.059,218.505,5.442,1067.33,27057.67,294.07,176.65,13077.76,5782.14,15153.64,26777.07,joints12,1.767,synthetic_blocktheory_solver,pretrain_only,SWedge_VM_2022_P7_and_Sec3.2_3.3,1.5-2.0
WS0215,58.43,240.58,38.96,322.24,54.55,289.91,2.22,299.24,27.58,26.74,32.42,28.2,41.66,34.07,15.39,wet,41.628,37.439,302.201,12.287,2703.46,72289.63,336.48,637.66,578.97,22432.22,43945.96,52955.89,joints12,1.205,synthetic_blocktheory_solver,pretrain_only,SWedge_VM_2022_P7_and_Sec3.2_3.3,1.2-1.5
WS0216,63.46,288.57,59.38,52.28,64.96,356.78,8.99,343.37,30.11,25.58,47.22,33.99,10.31,28.78,15.26,wet,45.083,40.688,352.82,3.959,2654.38,67898.17,432.9,492.52,19636.27,20413.43,44265.28,49973.94,joints12,1.129,synthetic_blocktheory_solver,pretrain_only,SWedge_VM_2022_P7_and_Sec3.2_3.3,1.0-1.2
WS0217,54.26,311.15,57.71,50.13,60.31,11.1,18.78,356.89,20.09,25.767,28.75,26.18,10.17,27.76,13.16,wet,25.935,43.481,358.155,12.947,656.83,16924.71,175.5,211.89,3815.48,1968.91,11646.18,10113.66,joints12,0.8684,synthetic_blocktheory_solver,pretrain_only,SWedge_VM_2022_P7_and_Sec3.2_3.3,0.8-1.0
WS0219,47.58,2.39,55.48,102.86,69.14,48.97,10.07,50.18,10.82,24.736,47.75,28.08,22.11,25.53,7.77,wet,8.244,38.424,46.269,2.703,331.47,8199.09,114.75,94.44,3600.67,2654.31,5095.58,10756.1,joints12,2.1109,synthetic_blocktheory_solver,pretrain_only,SWedge_VM_2022_P7_and_Sec3.2_3.3,>2.0
WS0220,45.35,79.9,48.21,135.88,72.29,89.41,17.05,101.93,31.09,25.517,11.47,25.01,37.88,26.01,0.0,dry,0.0,42.836,102.675,13.268,20360.76,519545.47,3037.52,977.3,236631.38,167427.6,353239.94,263926.68,joints12,0.7472,synthetic_blocktheory_solver,pretrain_only,SWedge_VM_2022_P7_and_Sec3.2_3.3,<0.8
WS0221,48.39,9.63,53.46,85.96,64.96,54.29,19.6,61.32,19.32,25.156,8.05,36.51,27.33,39.75,13.78,wet,26.113,43.758,40.836,13.454,1215.83,30585.36,237.25,324.83,8603.69,1847.33,21153.42,18693.2,joints12,0.8837,synthetic_blocktheory_solver,pretrain_only,SWedge_VM_2022_P7_and_Sec3.2_3.3,0.8-1.0
WS0222,57.62,75.02,54.32,144.76,70.3,91.63,10.8,79.05,20.79,26.977,0.57,30.75,4.77,32.34,0.0,dry,0.0,50.332,115.522,23.891,1071.7,28911.77,399.0,138.61,8821.2,12114.38,22255.15,13807.5,joints12,0.6204,synthetic_blocktheory_solver,pretrain_only,SWedge_VM_2022_P7_and_Sec3.2_3.3,<0.8
WS0223,65.45,135.33,72.27,261.44,58.18,215.23,8.11,209.44,28.63,26.448,20.26,30.69,40.77,25.69,3.53,wet,9.925,48.693,193.417,21.815,173.94,4600.36,93.06,120.76,2002.08,1383.12,3455.69,8661.4,joints12,2.5064,synthetic_blocktheory_solver,pretrain_only,SWedge_VM_2022_P7_and_Sec3.2_3.3,>2.0
WS0224,49.45,322.96,47.93,65.3,52.45,25.63,12.89,34.33,14.3,25.032,19.57,30.62,47.57,25.49,15.42,wet,21.627,35.149,15.943,9.691,377.64,9453.35,108.92,161.76,2237.91,1459.77,5442.36,11846.54,joints12,2.1767,synthetic_blocktheory_solver,pretrain_only,SWedge_VM_2022_P7_and_Sec3.2_3.3,>2.0
WS0225,66.13,332.11,60.93,78.03,69.14,22.06,9.5,32.67,9.79,24.581,1.4,39.25,10.73,38.23,0.0,dry,0.0,50.408,29.945,7.885,50.12,1231.92,32.42,32.04,508.09,606.19,949.32,1281.68,joints12,1.3501,synthetic_blocktheory_solver,pretrain_only,SWedge_VM_2022_P7_and_Sec3.2_3.3,1.2-1.5
WS0226,45.79,255.55,42.19,13.56,63.35,312.44,17.29,325.8,12.44,24.825,41.85,25.74,33.6,25.59,9.61,wet,11.734,26.492,317.104,4.663,1968.09,48857.18,400.64,476.25,20867.1,23122.67,21793.67,53900.07,joints12,2.4732,synthetic_blocktheory_solver,pretrain_only,SWedge_VM_2022_P7_and_Sec3.2_3.3,>2.0
WS0227,63.94,345.34,46.99,80.19,61.49,20.9,6.47,29.46,33.54,23.731,22.74,36.17,17.11,38.12,1.97,wet,6.497,42.686,49.028,28.131,2364.28,56107.78,480.27,400.6,13014.0,31576.61,38039.83,52071.65,joints12,1.3689,synthetic_blocktheory_solver,pretrain_only,SWedge_VM_2022_P7_and_Sec3.2_3.3,1.2-1.5
WS0228,43.8,28.13,65.52,149.12,64.15,85.95,12.55,98.78,34.45,26.001,18.0,34.42,44.68,28.97,3.37,wet,11.398,32.55,75.905,10.043,10879.26,282870.0,1325.86,1039.07,191834.2,112524.27,152195.4,264042.9,joints12,1.7349,synthetic_blocktheory_solver,pretrain_only,SWedge_VM_2022_P7_and_Sec3.2_3.3,1.5-2.0
WS0229,48.28,340.17,44.9,53.77,68.38,38.06,10.04,32.23,38.39,25.398,18.71,27.16,33.08,30.91,12.97,wet,48.867,39.979,22.214,15.844,25530.05,648404.09,1046.73,3277.34,181915.06,157155.22,416604.45,315424.76,joints12,0.7571,synthetic_blocktheory_solver,pretrain_only,SWedge_VM_2022_P7_and_Sec3.2_3.3,<0.8
WS0231,52.5,62.2,39.39,162.96,54.99,106.04,7.42,105.41,20.65,23.229,14.3,26.58,32.55,32.52,20.49,wet,41.508,32.003,123.524,17.487,1936.61,44985.2,367.0,377.7,1424.93,12935.13,23840.66,26503.81,joints12,1.1117,synthetic_blocktheory_solver,pretrain_only,SWedge_VM_2022_P7_and_Sec3.2_3.3,1.0-1.2
WS0232,53.64,49.95,48.98,99.12,64.91,65.69,3.37,51.15,15.95,24.8,8.42,33.45,27.36,26.27,3.18,wet,4.972,48.611,83.263,17.574,487.13,12081.14,228.44,112.63,1565.44,5122.13,9063.8,8568.0,joints12,0.9453,synthetic_blocktheory_solver,pretrain_only,SWedge_VM_2022_P7_and_Sec3.2_3.3,0.8-1.0
WS0233,42.48,72.91,43.74,115.53,67.96,113.0,11.37,100.91,31.89,26.622,9.69,39.58,12.6,34.48,1.62,wet,5.058,40.896,91.695,21.31,45150.37,1201975.84,988.78,8400.28,522756.77,366202.91,786919.06,799177.89,joints12,1.0156,synthetic_blocktheory_solver,pretrain_only,SWedge_VM_2022_P7_and_Sec3.2_3.3,1.0-1.2
WS0234,69.41,305.95,48.82,77.32,48.7,25.87,4.78,36.87,39.28,23.972,23.54,32.08,7.7,31.75,0.0,dry,0.0,32.619,22.408,3.459,4745.42,113754.93,597.91,946.98,60612.92,89631.53,61319.32,114818.59,joints12,1.8725,synthetic_blocktheory_solver,pretrain_only,SWedge_VM_2022_P7_and_Sec3.2_3.3,1.5-2.0
WS0235,63.61,294.57,69.24,62.33,58.6,346.92,10.83,341.77,26.1,25.499,36.86,36.31,6.6,27.54,12.01,wet,30.738,44.842,355.008,8.083,510.0,13004.35,206.31,160.49,2231.12,2795.85,9170.14,11762.05,joints12,1.2826,synthetic_blocktheory_solver,pretrain_only,SWedge_VM_2022_P7_and_Sec3.2_3.3,1.2-1.5
WS0236,34.79,246.26,59.95,306.6,45.91,266.57,16.65,252.6,26.72,22.258,10.46,29.02,28.14,25.62,0.93,wet,2.442,34.184,240.446,26.122,2561.23,57007.45,1005.69,304.84,44146.05,0.0,32182.51,35005.87,joint1,1.0877,synthetic_blocktheory_solver,pretrain_only,SWedge_VM_2022_P7_and_Sec3.2_3.3,1.0-1.2
WS0237,40.23,266.57,46.35,326.99,49.43,280.5,11.89,283.98,20.14,26.86,44.13,29.43,2.84,31.46,6.97,wet,13.772,38.905,286.828,6.33,1043.2,28020.11,528.51,160.9,8313.06,5264.42,17597.54,31690.76,joints12,1.8009,synthetic_blocktheory_solver,pretrain_only,SWedge_VM_2022_P7_and_Sec3.2_3.3,1.5-2.0
WS0238,33.68,321.38,43.49,31.77,61.89,1.2,18.3,11.18,10.04,26.393,16.38,34.15,7.47,25.61,18.47,wet,18.181,31.628,342.086,19.115,747.92,19740.11,202.05,242.59,9361.56,330.68,10351.88,11630.78,joints12,1.1235,synthetic_blocktheory_solver,pretrain_only,SWedge_VM_2022_P7_and_Sec3.2_3.3,1.0-1.2
WS0239,61.84,114.13,73.32,239.11,74.82,171.7,3.61,172.13,35.74,22.459,16.63,26.94,25.1,39.95,3.15,wet,11.026,47.257,167.749,3.95,3403.56,76441.0,571.75,484.1,43945.65,34223.68,56138.9,72669.49,joints12,1.2945,synthetic_blocktheory_solver,pretrain_only,SWedge_VM_2022_P7_and_Sec3.2_3.3,1.2-1.5
WS0240,34.65,131.98,48.03,212.19,57.62,176.33,18.12,186.08,37.23,22.0,22.98,25.9,46.5,25.14,6.48,wet,23.655,32.47,156.849,19.481,20876.74,459297.92,1933.23,2092.2,255298.91,69540.62,246577.56,298324.49,joints12,1.2099,synthetic_blocktheory_solver,pretrain_only,SWedge_VM_2022_P7_and_Sec3.2_3.3,1.2-1.5
WS0241,49.54,92.18,59.49,213.86,54.77,135.5,15.51,131.38,11.53,22.002,30.03,33.11,2.93,32.34,0.0,dry,0.0,33.764,147.387,11.884,243.89,5366.15,129.32,78.51,3534.17,2800.82,2982.34,8191.41,joints12,2.7466,synthetic_blocktheory_solver,pretrain_only,SWedge_VM_2022_P7_and_Sec3.2_3.3,>2.0
WS0242,44.54,351.9,53.68,97.98,64.49,36.79,9.44,50.42,24.65,23.654,11.49,32.43,14.74,30.4,0.9,wet,2.182,34.503,38.497,1.71,4471.22,105761.04,698.06,524.08,61254.57,45136.41,59907.75,81139.24,joints12,1.3544,synthetic_blocktheory_solver,pretrain_only,SWedge_VM_2022_P7_and_Sec3.2_3.3,1.2-1.5
WS0243,51.65,303.47,32.27,4.91,65.57,343.95,15.83,351.53,26.68,23.714,18.3,25.31,27.53,36.92,23.6,wet,61.768,32.214,3.476,19.528,23379.19,554424.01,1101.45,3618.38,0.0,196100.41,298605.74,246936.45,joint2,0.827,synthetic_blocktheory_solver,pretrain_only,SWedge_VM_2022_P7_and_Sec3.2_3.3,0.8-1.0
WS0244,74.23,235.24,69.19,7.23,73.81,294.17,12.43,286.46,11.84,23.854,2.28,31.97,16.52,37.48,10.6,wet,12.309,50.876,304.526,10.36,73.65,1756.71,49.31,44.79,461.89,606.44,1362.82,1605.49,joints12,1.1781,synthetic_blocktheory_solver,pretrain_only,SWedge_VM_2022_P7_and_Sec3.2_3.3,1.0-1.2
WS0245,39.48,26.89,69.07,121.36,46.28,52.07,1.62,47.59,36.66,25.906,14.75,34.39,44.96,33.31,11.63,wet,41.823,37.45,48.914,3.153,2317.33,60033.57,828.84,261.52,8955.5,1034.63,36504.58,30793.89,joints12,0.8436,synthetic_blocktheory_solver,pretrain_only,SWedge_VM_2022_P7_and_Sec3.2_3.3,0.8-1.0
WS0246,43.06,165.81,41.78,225.15,52.2,210.23,2.51,212.3,23.11,23.262,48.58,32.42,42.67,26.94,6.84,wet,15.517,38.329,197.341,12.893,1779.31,41390.72,246.8,633.97,12576.79,8349.52,25669.77,51271.6,joints12,1.9974,synthetic_blocktheory_solver,pretrain_only,SWedge_VM_2022_P7_and_Sec3.2_3.3,1.5-2.0
WS0247,53.62,242.81,39.63,3.97,53.5,287.05,16.04,276.28,14.83,26.353,29.37,26.2,27.84,26.44,28.16,wet,40.971,26.495,311.307,24.256,1169.67,30823.98,326.27,273.68,676.64,9928.56,13751.01,22471.3,joints12,1.6342,synthetic_blocktheory_solver,pretrain_only,SWedge_VM_2022_P7_and_Sec3.2_3.3,1.5-2.0
WS0248,49.26,335.09,38.81,51.98,54.9,10.66,11.58,8.5,20.96,22.597,19.67,26.34,13.97,31.21,4.09,wet,8.416,36.048,26.923,16.263,1684.88,38074.0,354.13,373.84,7424.35,20178.79,22404.98,28092.83,joints12,1.2539,synthetic_blocktheory_solver,pretrain_only,SWedge_VM_2022_P7_and_Sec3.2_3.3,1.2-1.5
WS0249,37.68,10.74,41.44,61.55,55.37,43.25,13.99,45.18,16.89,22.715,43.77,34.77,38.72,26.91,6.2,wet,10.272,36.477,27.827,15.425,1673.05,38003.21,322.07,516.05,18174.26,4804.15,22593.12,49134.19,joints12,2.1747,synthetic_blocktheory_solver,pretrain_only,SWedge_VM_2022_P7_and_Sec3.2_3.3,>2.0
WS0250,35.75,312.86,68.15,67.35,50.11,9.04,9.29,7.63,14.33,22.4,11.63,31.22,4.49,25.93,6.22,wet,8.751,29.934,350.267,18.773,525.65,11774.51,209.47,128.99,7441.87,2539.39,5875.49,8760.1,joints12,1.491,synthetic_blocktheory_solver,pretrain_only,SWedge_VM_2022_P7_and_Sec3.2_3.3,1.2-1.5
WS0251,49.73,223.63,64.34,344.21,51.03,269.96,14.39,274.72,13.13,25.396,34.54,29.44,47.46,31.93,16.43,wet,21.164,36.42,274.85,4.89,162.92,4137.45,99.74,66.02,688.1,618.22,2456.4,7351.63,joints12,2.9929,synthetic_blocktheory_solver,pretrain_only,SWedge_VM_2022_P7_and_Sec3.2_3.3,>2.0
WS0252,54.09,171.72,52.02,217.29,67.18,203.21,9.14,211.55,35.72,25.014,43.77,37.79,2.54,28.05,5.85,wet,20.502,50.616,198.838,4.368,7764.88,194233.46,641.49,1555.2,38198.66,45830.47,150125.28,86056.73,joints12,0.5732,synthetic_blocktheory_solver,pretrain_only,SWedge_VM_2022_P7_and_Sec3.2_3.3,<0.8
WS0253,55.85,3.69,69.21,130.76,72.42,86.61,15.83,74.55,18.69,22.998,22.58,30.13,36.2,39.26,20.82,wet,38.171,40.15,59.291,27.318,970.21,22312.97,221.61,265.81,7114.04,1817.51,14387.29,20239.79,joints12,1.4068,synthetic_blocktheory_solver,pretrain_only,SWedge_VM_2022_P7_and_Sec3.2_3.3,1.2-1.5
WS0254,37.61,124.83,45.14,211.26,62.02,181.96,7.17,186.55,31.23,25.458,8.46,30.17,37.11,25.15,10.74,wet,32.906,32.075,159.785,22.176,12565.04,319875.92,1006.53,1537.65,151431.16,67931.61,169865.29,185482.7,joints12,1.0919,synthetic_blocktheory_solver,pretrain_only,SWedge_VM_2022_P7_and_Sec3.2_3.3,1.0-1.2
WS0255,70.88,215.56,50.7,345.8,49.03,303.42,8.31,302.44,9.95,26.56,28.89,32.83,8.72,25.98,26.77,wet,26.135,35.615,291.203,12.213,53.52,1421.49,29.15,53.14,60.15,0.0,877.67,881.1,joint1,1.0039,synthetic_blocktheory_solver,pretrain_only,SWedge_VM_2022_P7_and_Sec3.2_3.3,1.0-1.2
WS0256,49.3,254.72,56.42,304.59,65.95,285.75,1.49,276.19,13.47,25.165,28.68,37.38,3.33,30.24,4.1,wet,5.413,48.829,263.324,22.425,244.84,6161.38,83.84,122.93,3001.63,82.38,4638.0,5155.22,joints12,1.1115,synthetic_blocktheory_solver,pretrain_only,SWedge_VM_2022_P7_and_Sec3.2_3.3,1.0-1.2
WS0257,64.07,150.7,64.86,299.45,63.33,206.69,3.51,221.06,9.61,26.676,5.73,25.41,42.84,25.86,0.0,dry,0.0,29.41,224.857,18.162,143.95,3839.97,79.97,66.98,3396.34,3378.2,1885.65,6578.42,joints12,3.4887,synthetic_blocktheory_solver,pretrain_only,SWedge_VM_2022_P7_and_Sec3.2_3.3,>2.0
WS0258,54.57,346.05,72.47,94.36,68.7,16.4,2.29,5.99,24.41,23.801,10.11,35.78,47.22,31.66,9.35,wet,22.392,47.012,24.869,8.47,1322.64,31480.49,386.82,175.57,10686.05,7387.33,23027.99,24460.53,joints12,1.0622,synthetic_blocktheory_solver,pretrain_only,SWedge_VM_2022_P7_and_Sec3.2_3.3,1.0-1.2
WS0259,54.49,26.06,42.46,116.9,62.88,69.19,5.48,78.4,14.66,26.714,16.04,30.06,28.76,27.36,0.0,dry,0.0,37.167,83.688,14.495,668.26,17852.05,158.8,183.77,5742.52,10826.47,10785.06,16758.4,joints12,1.5539,synthetic_blocktheory_solver,pretrain_only,SWedge_VM_2022_P7_and_Sec3.2_3.3,1.5-2.0
WS0260,46.44,134.04,73.68,237.4,50.56,189.15,2.64,176.6,37.97,23.845,17.83,28.57,46.47,39.23,0.86,wet,3.186,42.19,163.082,26.064,406.6,9695.21,206.66,169.17,5974.24,1939.44,6511.17,16383.34,joints12,2.5162,synthetic_blocktheory_solver,pretrain_only,SWedge_VM_2022_P7_and_Sec3.2_3.3,>2.0
WS0261,61.3,63.47,46.13,128.69,62.97,116.57,0.33,104.23,10.23,25.007,7.17,35.32,26.94,32.25,0.85,wet,0.851,45.792,118.172,1.599,206.53,5164.59,34.66,157.21,575.99,3080.99,3702.07,6835.93,joints12,1.8465,synthetic_blocktheory_solver,pretrain_only,SWedge_VM_2022_P7_and_Sec3.2_3.3,1.5-2.0
WS0263,64.47,249.73,74.5,310.53,72.57,282.18,12.65,291.57,27.81,26.953,23.11,28.29,33.64,30.27,0.0,dry,0.0,64.201,256.261,25.915,185.21,4991.95,98.15,105.17,2011.75,279.97,4494.38,7053.03,joints12,1.5693,synthetic_blocktheory_solver,pretrain_only,SWedge_VM_2022_P7_and_Sec3.2_3.3,1.5-2.0
WS0264,67.47,19.39,69.32,156.76,55.95,92.85,14.47,99.56,11.87,22.683,28.14,32.65,4.9,38.02,3.59,wet,4.179,42.477,87.241,5.609,43.45,985.54,37.78,39.92,578.08,544.76,665.52,2055.05,joints12,3.0879,synthetic_blocktheory_solver,pretrain_only,SWedge_VM_2022_P7_and_Sec3.2_3.3,>2.0
WS0265,53.56,322.26,69.0,50.63,73.71,6.92,17.02,11.5,25.78,23.11,16.14,36.3,48.32,37.59,1.54,wet,3.907,50.429,347.777,19.138,1660.96,38384.58,336.19,303.25,19533.49,7423.34,29588.02,40144.48,joints12,1.3568,synthetic_blocktheory_solver,pretrain_only,SWedge_VM_2022_P7_and_Sec3.2_3.3,1.2-1.5
WS0266,66.1,280.78,72.81,55.13,73.28,1.72,1.8,357.85,10.22,22.58,46.87,27.21,7.28,29.2,31.05,wet,31.134,45.829,343.804,17.914,62.65,1414.65,36.42,42.96,88.97,0.0,1078.41,1752.69,joint1,1.6253,synthetic_blocktheory_solver,pretrain_only,SWedge_VM_2022_P7_and_Sec3.2_3.3,1.5-2.0
WS0267,63.53,57.95,44.07,141.84,48.79,110.84,15.9,102.91,29.01,25.07,25.67,32.71,33.84,33.62,0.0,dry,0.0,41.866,121.53,10.685,469.31,11765.73,134.39,264.53,2275.29,7643.06,7852.29,18944.27,joints12,2.4126,synthetic_blocktheory_solver,pretrain_only,SWedge_VM_2022_P7_and_Sec3.2_3.3,>2.0
WS0268,61.45,306.93,46.37,48.25,72.96,4.1,14.05,11.13,32.86,22.776,12.15,30.69,4.38,39.75,7.3,wet,23.514,39.197,9.702,5.598,10996.12,250452.12,865.9,1345.03,68904.82,123973.08,158281.84,160424.33,joints12,1.0135,synthetic_blocktheory_solver,pretrain_only,SWedge_VM_2022_P7_and_Sec3.2_3.3,1.0-1.2
WS0269,64.9,67.39,45.52,170.56,68.72,142.02,3.75,153.18,21.17,25.679,31.31,39.12,6.86,38.13,17.12,wet,35.555,39.078,134.003,8.014,2470.13,63431.63,225.79,587.93,13230.94,20617.42,39985.63,38049.08,joints12,0.9516,synthetic_blocktheory_solver,pretrain_only,SWedge_VM_2022_P7_and_Sec3.2_3.3,0.8-1.0
WS0270,59.39,134.56,66.26,277.68,63.83,211.74,10.39,196.97,16.21,22.031,6.85,32.04,31.32,28.81,10.72,wet,17.042,31.486,204.037,7.698,779.74,17178.92,233.23,224.18,10375.52,9296.23,8972.3,20223.7,joints12,2.254,synthetic_blocktheory_solver,pretrain_only,SWedge_VM_2022_P7_and_Sec3.2_3.3,>2.0
WS0271,54.64,149.87,68.45,239.79,68.09,199.26,17.01,201.78,23.88,22.861,25.76,39.9,26.38,36.99,4.9,wet,11.48,50.969,178.279,20.982,654.82,14969.62,185.35,189.36,5793.7,1513.38,11628.45,15754.97,joints12,1.3549,synthetic_blocktheory_solver,pretrain_only,SWedge_VM_2022_P7_and_Sec3.2_3.3,1.2-1.5
WS0272,49.93,129.86,41.8,208.42,57.77,192.08,5.29,206.22,19.47,26.551,43.01,27.98,32.62,37.4,15.89,wet,30.356,37.628,178.766,13.312,2199.34,58394.88,184.7,740.22,12737.7,10628.38,35651.78,46979.53,joints12,1.3177,synthetic_blocktheory_solver,pretrain_only,SWedge_VM_2022_P7_and_Sec3.2_3.3,1.2-1.5
WS0273,56.4,150.35,64.37,206.23,70.37,158.95,12.35,170.04,35.05,22.875,17.19,28.09,35.39,31.5,0.0,dry,0.0,55.551,161.641,2.687,5336.44,122070.94,1518.28,320.95,58196.83,15110.22,100662.79,77782.54,joints12,0.7727,synthetic_blocktheory_solver,pretrain_only,SWedge_VM_2022_P7_and_Sec3.2_3.3,<0.8
WS0274,41.06,76.37,70.36,125.46,74.54,79.8,9.49,88.8,26.67,23.063,17.48,33.65,37.88,32.06,1.42,wet,3.71,38.825,52.143,27.659,30664.8,707218.05,5897.57,508.96,507460.61,0.0,468026.01,440873.02,joint1,0.942,synthetic_blocktheory_solver,pretrain_only,SWedge_VM_2022_P7_and_Sec3.2_3.3,0.8-1.0
WS0275,73.64,197.5,56.07,333.7,74.71,283.76,11.97,280.79,8.33,23.463,49.2,38.58,15.28,34.14,28.4,wet,23.201,38.347,274.503,9.257,108.19,2538.43,45.45,67.9,513.82,479.48,1574.92,4008.51,joints12,2.5452,synthetic_blocktheory_solver,pretrain_only,SWedge_VM_2022_P7_and_Sec3.2_3.3,>2.0
WS0276,50.52,159.47,68.89,228.66,66.39,169.93,13.1,172.56,26.15,26.42,0.99,38.13,8.83,27.07,2.5,wet,6.407,50.077,165.203,4.725,3413.87,90192.78,1156.14,194.48,48122.22,3202.22,69169.97,42278.88,joints12,0.6112,synthetic_blocktheory_solver,pretrain_only,SWedge_VM_2022_P7_and_Sec3.2_3.3,<0.8
WS0277,64.65,313.02,51.76,88.05,50.79,6.36,15.12,353.82,34.43,24.608,10.41,36.0,29.91,25.27,21.15,wet,71.434,30.811,25.537,19.175,4185.11,102985.96,782.51,708.07,7075.53,28458.46,52750.73,47893.56,joints12,0.9079,synthetic_blocktheory_solver,pretrain_only,SWedge_VM_2022_P7_and_Sec3.2_3.3,0.8-1.0
WS0278,50.37,336.16,46.68,27.42,57.31,356.34,8.09,356.81,14.92,26.281,45.27,27.97,14.73,32.8,0.0,dry,0.0,45.324,9.604,13.267,262.58,6900.82,138.49,101.97,1706.28,3392.78,4907.16,10864.06,joints12,2.2139,synthetic_blocktheory_solver,pretrain_only,SWedge_VM_2022_P7_and_Sec3.2_3.3,>2.0
WS0280,64.45,38.83,66.21,151.79,67.26,76.31,17.88,79.61,31.63,25.547,29.56,25.87,25.12,38.29,0.0,dry,0.0,49.838,93.858,17.543,1382.03,35307.01,400.41,254.4,17863.23,17137.0,26982.46,40421.4,joints12,1.4981,synthetic_blocktheory_solver,pretrain_only,SWedge_VM_2022_P7_and_Sec3.2_3.3,1.2-1.5
WS0281,43.88,228.28,48.75,279.11,50.66,259.62,3.64,258.38,31.21,25.617,30.46,27.31,10.22,35.84,6.07,wet,18.576,42.557,243.94,15.683,1236.95,31687.19,320.82,457.62,10125.81,0.0,21441.75,15002.31,joint1,0.6997,synthetic_blocktheory_solver,pretrain_only,SWedge_VM_2022_P7_and_Sec3.2_3.3,<0.8
WS0282,63.94,221.5,41.96,291.82,74.36,259.8,19.71,273.75,8.01,22.789,13.81,34.92,31.38,32.54,17.38,wet,13.653,41.358,285.791,25.989,233.76,5327.19,61.67,122.29,0.0,1870.37,3548.1,5031.19,joint2,1.418,synthetic_blocktheory_solver,pretrain_only,SWedge_VM_2022_P7_and_Sec3.2_3.3,1.2-1.5
WS0283,65.69,109.24,48.58,208.31,73.79,169.17,2.91,172.84,8.63,25.819,4.52,38.31,19.28,30.53,0.69,wet,0.584,43.259,174.316,5.147,119.37,3082.01,37.6,63.35,923.45,1842.62,2112.1,3208.09,joints12,1.5189,synthetic_blocktheory_solver,pretrain_only,SWedge_VM_2022_P7_and_Sec3.2_3.3,1.5-2.0
WS0284,54.01,116.66,39.54,225.03,61.95,163.26,7.81,168.41,10.76,22.76,31.42,28.95,48.92,30.21,0.0,dry,0.0,31.048,180.794,17.536,411.88,9374.37,123.53,129.67,3812.52,6096.46,4834.91,15883.28,joints12,3.2851,synthetic_blocktheory_solver,pretrain_only,SWedge_VM_2022_P7_and_Sec3.2_3.3,>2.0
WS0285,55.73,69.2,53.41,161.99,55.16,120.24,15.98,128.07,24.77,24.269,23.98,27.37,15.78,28.49,7.02,wet,17.061,43.759,118.277,1.96,642.61,15595.28,183.35,223.79,3507.02,3537.3,10786.13,11662.04,joints12,1.0812,synthetic_blocktheory_solver,pretrain_only,SWedge_VM_2022_P7_and_Sec3.2_3.3,1.0-1.2
WS0286,66.72,202.79,72.54,350.39,63.84,269.12,11.2,261.1,31.64,24.404,12.5,29.31,41.96,32.59,27.44,wet,85.171,36.832,273.727,4.604,2624.75,64053.12,604.12,534.36,9202.92,11574.2,38397.77,42539.82,joints12,1.1079,synthetic_blocktheory_solver,pretrain_only,SWedge_VM_2022_P7_and_Sec3.2_3.3,1.0-1.2
WS0288,56.28,133.05,61.83,270.1,69.74,191.2,10.99,196.91,9.48,24.839,8.32,29.93,20.47,29.53,0.0,dry,0.0,31.039,199.123,7.927,256.64,6374.7,110.17,91.49,4736.59,4297.92,3286.96,7950.81,joints12,2.4189,synthetic_blocktheory_solver,pretrain_only,SWedge_VM_2022_P7_and_Sec3.2_3.3,>2.0
WS0289,52.24,109.77,48.94,221.83,63.28,183.02,17.35,178.26,35.32,22.719,42.0,31.94,25.11,25.58,0.0,dry,0.0,33.912,168.691,14.333,15334.06,348376.14,1224.98,1879.48,177606.54,200989.28,194364.96,305597.38,joints12,1.5723,synthetic_blocktheory_solver,pretrain_only,SWedge_VM_2022_P7_and_Sec3.2_3.3,1.5-2.0
WS0290,37.94,104.98,48.2,176.29,61.45,144.46,9.96,133.96,20.76,23.503,44.31,31.66,19.08,32.25,15.94,wet,32.463,35.893,125.81,18.647,2983.12,70112.08,520.12,489.14,26954.83,1299.21,41104.5,49821.36,joints12,1.2121,synthetic_blocktheory_solver,pretrain_only,SWedge_VM_2022_P7_and_Sec3.2_3.3,1.2-1.5
WS0291,36.78,41.23,53.98,122.23,46.98,56.34,11.69,65.54,19.87,23.398,40.38,32.54,1.6,35.9,13.99,wet,27.266,35.162,62.849,6.511,1319.69,30878.51,619.62,150.35,3922.35,2820.68,17782.78,29808.04,joints12,1.6762,synthetic_blocktheory_solver,pretrain_only,SWedge_VM_2022_P7_and_Sec3.2_3.3,1.5-2.0
WS0292,38.47,347.91,32.79,54.65,49.3,19.65,7.69,14.08,27.07,23.67,9.32,28.93,32.65,26.75,13.22,wet,35.089,30.437,30.457,10.804,7826.87,185259.49,1087.02,1093.04,19451.65,71503.75,93852.03,92610.48,joints12,0.9868,synthetic_blocktheory_solver,pretrain_only,SWedge_VM_2022_P7_and_Sec3.2_3.3,0.8-1.0
WS0293,58.89,320.23,51.46,72.29,59.37,30.48,8.44,21.21,17.83,22.436,7.02,27.2,28.61,29.37,0.0,dry,0.0,39.078,21.273,9.204,641.55,14393.81,140.17,217.98,6670.72,8413.66,9073.56,15384.5,joints12,1.6955,synthetic_blocktheory_solver,pretrain_only,SWedge_VM_2022_P7_and_Sec3.2_3.3,1.5-2.0
WS0294,42.75,9.08,44.75,87.4,71.21,31.93,6.39,24.59,18.71,24.539,42.94,38.47,30.32,32.6,12.93,wet,23.722,36.48,44.949,13.016,3591.27,88124.94,744.8,324.29,25224.33,28139.59,52393.77,79860.35,joints12,1.5242,synthetic_blocktheory_solver,pretrain_only,SWedge_VM_2022_P7_and_Sec3.2_3.3,1.5-2.0
WS0295,49.98,153.58,33.88,218.49,69.74,184.41,14.72,199.17,29.39,26.047,28.92,28.31,3.74,35.27,23.52,wet,67.83,33.808,210.003,25.589,20777.74,541197.33,1481.07,2335.85,0.0,218093.51,302884.78,162960.92,joint2,0.538,synthetic_blocktheory_solver,pretrain_only,SWedge_VM_2022_P7_and_Sec3.2_3.3,<0.8
WS0296,44.55,235.76,35.74,299.46,67.8,274.46,7.56,275.64,29.77,26.714,38.73,31.78,36.14,28.49,2.1,wet,6.14,34.448,281.875,7.416,18907.67,505102.8,1242.16,2195.27,106025.04,309351.84,285716.48,361049.2,joints12,1.2637,synthetic_blocktheory_solver,pretrain_only,SWedge_VM_2022_P7_and_Sec3.2_3.3,1.2-1.5
WS0298,44.49,41.62,55.67,101.55,57.95,62.74,12.88,72.53,31.66,22.05,33.24,28.39,19.89,31.56,0.0,dry,0.0,43.946,51.965,10.77,3282.28,72374.04,809.34,422.82,45369.94,9161.06,50226.12,65457.62,joints12,1.3033,synthetic_blocktheory_solver,pretrain_only,SWedge_VM_2022_P7_and_Sec3.2_3.3,1.2-1.5
WS0299,68.29,316.29,50.38,78.56,73.67,39.46,0.66,36.99,28.51,26.316,22.58,27.55,4.83,29.28,4.43,wet,12.401,36.804,28.01,11.452,5189.12,136556.56,449.15,844.39,60525.27,87329.52,81808.84,94754.03,joints12,1.1582,synthetic_blocktheory_solver,pretrain_only,SWedge_VM_2022_P7_and_Sec3.2_3.3,1.0-1.2
WS0300,55.29,284.97,62.67,3.6,70.0,312.66,4.35,322.36,12.73,24.665,1.27,37.34,26.92,26.0,0.0,dry,0.0,51.531,314.712,2.047,171.74,4235.92,90.48,52.01,1926.08,1197.15,3316.47,3568.2,joints12,1.0759,synthetic_blocktheory_solver,pretrain_only,SWedge_VM_2022_P7_and_Sec3.2_3.3,1.0-1.2
